Nom Prenom;BATIMENT;SOCIETE;ADRESSE;Coplement ADR;COMMUNE
GUERIN ALEXIS;None;SELARL GAYA;11 RUE MARIE CURIE;None;44140 AIGREFEUILLE SUR MAINE
ABIZMIL YOANN;None;SELARL GAYA;11 RUE MARIE CURIE;None;44140 AIGREFEUILLE SUR MAINE
BORDRON ANTOINE;None;SELARL GAYA;11 RUE MARIE CURIE;None;44140 AIGREFEUILLE SUR MAINE
AISSAOUI IMAN;None;CABINET DU DR AISSAOUI;334 RUE DU GENERAL LECLERC;None;44150 ANCENIS
COUTIN LAURENT;None;CABINET DU DR COUTIN;384 AVENUE FRANCIS ROBERT;None;44150 ANCENIS
BIZEAU LE COENT BEATRICE;None;SELARL DOCTEUR EBERLEIN;13 RUE DES GRANDS CHAMPS;None;44150 ANCENIS
GAILLARD DESBOIS SYLVIE;None;CABINET DU DR GAILLARD DESBOIS;140 PLACE MAURICE GELINEAU;None;44150 ANCENIS
MERLET PHILIPPE;None;CABINET DU DR MERLET;11 RUE MARIE NOEL;None;44150 ANCENIS
EBERLEIN AUDREY;None;SELARL DOCTEUR EBERLEIN;13 RUE DES GRANDS CHAMPS;None;44150 ANCENIS
ARRONDEAU MATHILDE;None;SELARL ARRONDEAU;11 RUE MARIE NOEL;None;44150 ANCENIS
BOUHIER CHRISTOPHE;None;CABINET DU DR BOUHIER;334 RUE DU GENERAL LECLERC;None;44150 ANCENIS
HODE GUILLAUME;None;SELARL DOCTEUR HODE;45 RUE DU BARON GEOFFROY;None;44150 ANCENIS
JOUANNEAU YVES;None;CABINET DENTAIRE;45 RUE DU BARON GEOFFROY;None;44150 ANCENIS
DIDENKO MARIYA;None;CABINET DU DR BOUHIER;334 RUE DU GENERAL LECLERC;None;44150 ANCENIS
MORIN CLARA;None;CABINET DU DR GAILLARD DESBOIS;140 PLACE MAURICE GELINEAU;None;44150 ANCENIS
REAU MAXIME;None;CABINET DU DR REAU;11 RUE MARIE NOEL;None;44150 ANCENIS
CHEVREUX THIBAULT;None;DENTESC;4 RUE DE L ESPOIR;None;44410 ASSERAC
GANIER LOUIS;None;SELARL PIASCHOLI;4 RUE DE L ESPOIR;None;44410 ASSERAC
COHEN DAVID ALEXANDRE;None;CENTRE DENTAIRE DES LANDES;114 RUE DES LANDES DE LA PLEE;None;44115 BASSE GOULAINE
FAYARD CANDICE;None;CABINET DU DR HERAUD;15 RUE PASTEUR;None;44115 BASSE GOULAINE
MARCAIS CLAIRE;None;CABINET DU DR MARCAIS;114 RUE DES LANDES DE LA PLEE;None;44115 BASSE GOULAINE
PINELLI FAUSTINE;None;CABINET DU DR PINELLI;114 RUE DES LANDES DE LA PLEE;None;44115 BASSE GOULAINE
LEVENEZ COLINE;None;CABINET DU DR MARCAIS;114 RUE DES LANDES DE LA PLEE;None;44115 BASSE GOULAINE
MARTEAU NICOLAS;None;SELARL SEL HEXAGONE;47 RUE DES LANDES DE LA PLEE;None;44115 BASSE GOULAINE
LEVENEZ COLINE;None;CABINET DU DR PINELLI;114 RUE DES LANDES DE LA PLEE;None;44115 BASSE GOULAINE
AMORIM PEREIRA MELODIE;None;SEL HEXAGONE;47 RUE DES LANDES DE LA PLEE;None;44115 BASSE GOULAINE
SAFFRE BENOIST;None;CABINET DU DR SAFFRE;7 RUE BUSSON BILLAULT;None;44115 BASSE GOULAINE
COHEN DAVID ALEXANDRE;None;SEL HEXAGONE;47 RUE DES LANDES DE LA PLEE;None;44115 BASSE GOULAINE
HERAUD LAURENCE;None;CABINET DU DR HERAUD;15 RUE PASTEUR;None;44115 BASSE GOULAINE
GOUESNARD PAULA;None;CABINET DU DR GOUESNARD;109 RUE DU GRIGNON;None;44115 BASSE GOULAINE
NEFERU LUCIANA;None;CABINET DU DR NEFERU;137 RUE DE L AUXENCE;None;44370 BELLIGNE
DORE CECILE;None;CABINET DU DR DORE;16 RUE DU CHATEAU;None;44130 BLAIN
TRICOT PHILIPPE;None;CABINET DU DR TRICOT;9 RUE DES DROITS DE L HOMME;None;44130 BLAIN
ROCHE ANNE;None;CABINET DU DR ROCHE;9 RUE DES DROITS DE L HOMME;None;44130 BLAIN
KERDILES GOUESNARD ANNE;None;CAB DU DR KERDILES GOUESNARD;AVENUE DE LA GARE;None;44130 BLAIN
BONNEFOY BRICE;None;CABINET DENTAIRE DE BLAIN;10 ALLEE DES TILLEULS;None;44130 BLAIN
MONNIER MATTHIEU;None;CABINET DU DR MONNIER;10 ALLEE DES TILLEULS;None;44130 BLAIN
MOGLIA MORGANE;None;CABINET DU DR MOGLIA;16 RUE DU CHATEAU;None;44130 BLAIN
LELOUP NICOLAS;None;CABINET DU DR LELOUP;2 BOULEVARD DU BOIS JACQUES;None;44830 BOUAYE
ADAM TIFFEN;None;CABINET DU DR ADAM;37 RUE DE NANTES;None;44830 BOUAYE
MAUGER BOISSIERE MARIE ELISABETH;None;CABINET DU DR MAUGER;37 RUE DE NANTES;None;44830 BOUAYE
DIDIER BERTRAND;None;CABINET DU DR DIDIER;2 BOULEVARD DU BOIS JACQUES;None;44830 BOUAYE
ROUSSEAU SOPHIE;None;SELARL EVIDENT;ZAC DE LA CROIX JEANNETTE;None;44340 BOUGUENAIS
TEMPLIER ANITA;None;CABINET DU DR TEMPLIER;43 RUE DES ECOLES;None;44340 BOUGUENAIS
PEREZ ISABELLE;None;None;43 RUE DES ECOLES;None;44340 BOUGUENAIS
LE LAIN ELODIE;None;EVIDENT;ZAC DE LA CROIX JEANNETTE;None;44340 BOUGUENAIS
CHEVALIER BEATRICE;None;CABINET DU DR CHEVALIER;15B RUE DE LA CHAPELLE;None;44340 BOUGUENAIS
LE ROY CHAZELLE DOMINIQUE;None;DR LE ROY CHAZELLE;1 RUE DE BEAUVOIR;None;44340 BOUGUENAIS
ANDRE PIERRE;None;CABINET DU DR CHEVALIER;15B RUE DE LA CHAPELLE;None;44340 BOUGUENAIS
ROUSSEAU SOPHIE;None;SELARL DENT L;ZAC DE LA CROIX JEANNETTE;None;44340 BOUGUENAIS
LARHER LANDURE JULIE;None;DENT L;ZAC DE LA CROIX JEANNETTE;None;44340 BOUGUENAIS
CHARLOIS BERENGER;None;CABINET DU DR CHARLOIS;1 RUE PROFESSEUR YVES BOQUIEN;None;44830 BRAINS
BOLAND MATHIEU;None;CABINET DU DR CHARLOIS;1 RUE PROFESSEUR YVES BOQUIEN;None;44830 BRAINS
BLANCHE AURELIE;None;CABINET DU DR GREAUD;1 RUE PROFESSEUR BOQUIEN;None;44830 BRAINS
GREAUD PIERRE YVES;None;CABINET DU DR GREAUD;1 RUE DU PROFESSEUR BOQUIEN;None;44830 BRAINS
MONBOISSE GELBON SOLEN;None;CABINET DU DR MONBOISSE GELBON;3 AVENUE DES SPORTS;None;44750 CAMPBON
BONNEFOY CHARLES;None;CABINET DU DR BONNEFOY;3 AVENUE DES SPORTS;None;44750 CAMPBON
PELE PATRICIA;None;CABINET DU DR PELE;21 RUE RENE DE CHATEAUBRIAND;None;44470 CARQUEFOU
JANVIER GUILLEMETTE;None;CABINET DR JANVIER;1B RUE DU METROPOLITAIN;None;44470 CARQUEFOU
LE BOLZER ANNE;CHARBONNEAU;CABINET DU DR LE BOLZER;8 RUE DE L HOTEL DE VILLE;None;44470 CARQUEFOU
DEFONTAINE HELENE;LOT DE LA JAGUAIRE;CABINET DU DR DEFONTAINE;6 RUE DES ANTILLES;None;44470 CARQUEFOU
GRUA CLAVERY SOLEN;ZAC DE LA FLEE;CABINET DU DR GRUA CLAVERY;11 BOULEVARD AMPERE;None;44470 CARQUEFOU
PLOTEAU AUDREY;LOT DE LA JAQUAIRE;CABINET DU DR DEFONTAINE;RUE DES ANTILLES;None;44470 CARQUEFOU
PRABONNAUD PASCAL;None;ZAC DE LA FLE;11 BOULEVARD AMPERE;None;44470 CARQUEFOU
DEFONTAINE JOEL;LOT DE LA JAGUAIRE;CABINET DU DR DEFONTAINE;6 RUE DES ANTILLES;None;44470 CARQUEFOU
GEORGET JEAN MARC;BATIMENT B;CABINET DENTAIRE;11 BOULEVARD AMPERE;None;44470 CARQUEFOU
COUTANT JEAN MARC;None;CABINET DU DR COUTANT;1 RUE DU MARQUIS DE DION;None;44470 CARQUEFOU
LINGER MICKAEL;None;CABINET DU DR LINGER;2 RUE DU GALICHET;None;44390 CASSON
CHEIKH SAMIA;None;CABINET DU DR CHEIKH;6 RUE DES SPORTS;None;44690 CHATEAU THEBAUD
BROCHEN ZEPHYRINE;None;CABINET DU DR CHEIKH;6 RUE DES SPORTS;None;44690 CHATEAU THEBAUD
CHOTARD KARINE;None;SCP PATARIN LELIEVRE MERLET AVENARD CH;16 RUE DU 11 NOVEMBRE;None;44110 CHATEAUBRIANT
AVENARD LAURENT;None;SCP BONNET PATARIN LELIEVRE MERLET AVE;16 RUE DU ONZE NOVEMBRE;None;44110 CHATEAUBRIANT
CHEHERRE FLORENCE;None;CABINET DU DR CHEHERRE;16B RUE D ANGERS;None;44110 CHATEAUBRIANT
PATARIN JEAN LUC;None;SCP PATARIN LELIEVRE MERLET AVENARD CH;16 RUE DU 11 NOVEMBRE;None;44110 CHATEAUBRIANT
MERLET ERIC;None;SCP PATARIN LELIEVRE MERLET AVENARD CH;16 RUE DU ONZE NOVEMBRE;None;44110 CHATEAUBRIANT
PAILLOU JEAN LOUIS;None;SELARL HYGIE;6 RUE MICHEL GRIMAULT;None;44110 CHATEAUBRIANT
TOUMELIN JEAN RENE;CLINIQUE STE MARIE;CABINET DU DR TOUMELIN;9 RUE DE VERDUN;None;44110 CHATEAUBRIANT
TOULLEC THOMAS;None;SELARL CABINET DENTAIRE HYGIE;6 RUE MICHEL GRIMAULT;None;44110 CHATEAUBRIANT
GUITTON BERTRAND;None;CABINET DU DR GUITTON;73 RUE DES DEPORTES RESISTANTS;None;44110 CHATEAUBRIANT
TOUMELIN JEAN RENE;None;CAB DU DR TOUMELIN;16 RUE DU 11 NOVEMBRE;None;44110 CHATEAUBRIANT
LELIEVRE THIERRY;None;S C P CHIRURGIENS DENTISTES;16 RUE DU 11 NOVEMBRE;None;44110 CHATEAUBRIANT
LELIEVRE EVE;None;SCP PATARIN LELIEVRE MERLET AVENARD;16 RUE DU 11 NOVEMBRE;None;44110 CHATEAUBRIANT
WIPF MATTHIEU;None;SELARL ORACLE;73 RUE DES DEPORTES RESISTANTS;None;44110 CHATEAUBRIANT
PHILIPPEAU ARNAUD;None;CABINET DU DR PHILIPPEAU;16 BOULEVARD DE LA REPUBLIQUE;None;44110 CHATEAUBRIANT
LENEL GAETAN;ZA LES FAUSSES BLANCHES;CABINET DU DR LENEL;ROUTE DE ROUANS;None;44680 CHAUMES EN RETZ
LEQUY CEDRIC;ROUTE DE ROUANS;SEL LEQUY;LES FAUSSES BLANCHES;None;44680 CHAUMES EN RETZ
LEROY HELENE;ZA LES FAUSSES BLANCHES;CABINET DU DR LENEL;ROUTE DE ROUANS;None;44680 CHAUMES EN RETZ
LEROY HELENE;LES FOSSES BLANCHES;SEL LEQUY;ROUTE DE ROUANS;None;44680 CHAUMES EN RETZ
CHAUVIN DAVID;None;SELARL DAVID CHAUVIN;53B ROUTE DE CUGAND;None;44190 CLISSON
LE BOURHIS HERVE;None;None;7 RUE DU DOCTEUR DOUSSAIN;None;44190 CLISSON
MALPEL MAGRE SYLVIE;None;CABINET DU DR MALPEL MAGRE;7 AVENUE DU DOCTEUR DOUSSAIN;None;44190 CLISSON
RAKOTOMALALA MARC;None;SELARL MARC RAKOTOMALALA;7 RUE DU DOCTEUR DOUSSAIN;None;44190 CLISSON
HOORNAERT CECILE;None;CABINET DU DR MALPEL MAGRE;7 RUE DU DR DOUSSAIN;None;44190 CLISSON
DUBOURG MADELINE;None;CABINET DU DR DUBOURG;7 RUE DU DR DOUSSIN;None;44190 CLISSON
PONCET HELENE;None;SELARL PONCET;53B ROUTE DE CUGAND;None;44190 CLISSON
SCHIEHLE MARIE;None;CABINET DU DR SCHIEHLE;53B ROUTE DE CUGAND;None;44190 CLISSON
WECKONSKI THOMAS;None;CABINET DU DR SORIN;1 RUE DU 8 MAI;None;44650 CORCOUE SUR LOGNE
SORIN AMELIE;None;CABINET DU DR SORIN;1 RUE DU 8 MAI;None;44650 CORCOUE SUR LOGNE
BLOT MEGANE;None;CABINET DU DR PORTRON;12 RUE DU PRE AUX MOINES;None;44360 CORDEMAIS
PORTRON SOPHIE;None;CABINET DU DR PORTRON;12 RUE DU PRE AUX MOINES;None;44360 CORDEMAIS
PRIOLLAUD BERNARD;None;CABINET DU DR PRIOLLAUD;14 RUE DE L ESTUAIRE;None;44560 CORSEPT
RICHARD CATHERINE;CENTRE DE SANTE L'ESTUAIR;CABINET DU DR PRIOLLAUD;14 RUE DE L'ESTUAIRE;None;44560 CORSEPT
LEJEUNE PATRICIA;LA CHABOSSIERE;CABINET DU DR LEJEUNE;41 RUE DU 1ER MAI;None;44220 COUERON
BOISTIER FRANCOIS;None;CABINET DU DR BOISTIER;15 RUE ALEXANDRE OLIVIER;None;44220 COUERON
BOUTELIER JULIE;LA CHABOSSIERE;CABINET DU DR BOUTELIER;41 RUE DU 1ER MAI;None;44220 COUERON
IYEYEMI IFEOMA;None;CABINET DU DR LEJEUNE;41 RUE DU 1ER MAI;None;44220 COUERON
BOSQUART CELINE;LA CHABOSSIERE;CABINET DU DR BOSQUART;41 RUE DU 1ER MAI;None;44220 COUERON
LANNOU CATHERINE;None;CABINET DU DR LANNOU;27 BOULEVARD PAUL LANGEVIN;None;44220 COUERON
GARLATTI LORIS;None;CABINET DU DR GARLATTI;15 RUE ALEXANDRE OLIVIER;None;44220 COUERON
QUEVEAU ELISABETH;None;CABINET DU DR QUEVEAU;15 RUE ALEXANDRE OLIVIER;None;44220 COUERON
IYEYEMI IFEOMA;None;SELARL DOCTEUR TISON;41 RUE DU 1ER MAI;None;44220 COUERON
IYEYEMI IFEOMA;None;CABINET DU DR BOSQUART;41 RUE DU 1ER MAI;None;44220 COUERON
TISON CATHERINE;None;SELARL DOCTEUR TISON;41 RUE DU 1ER MAI;None;44220 COUERON
IYEYEMI IFEOMA;None;CABINET DU DR BOUTELIER;41 RUE DU 1ER MAI;None;44220 COUERON
LY CAMILLE;None;CABINET DU DR LY;15 RUE ALEXANDRE OLIVIER;None;44220 COUERON
LEROUX LUCIE;None;SELARL DOCTEUR LEROUX;9 RUE DE RONDE;None;44590 DERVAL
GARDIZE LESLY;None;SELARL DOCTEUR GARDIZE;9 RUE DE RONDE;None;44590 DERVAL
BEUVE MERY PHILIPPE;None;CABINET DU DR BEUVE MERY;16 RUE DE LA TOUR ST CLAIR;None;44590 DERVAL
BOLEIS HORTENSE;LA CHAPELLE BASSE MER;CABINET DU DR PELE;25 RUE DU VAL DE LOIRE;None;44450 DIVATTE SUR LOIRE
LAREYNIE BAPTISTE;None;SELARL BAPTISTE LAREYNIE;18 RUE SAINT MARTIN;None;44480 DONGES
VAILLANT PHILIPPE;None;CABINET DENTAIRE;11 PLACE DE LA GARE;None;44480 DONGES
YVON CECILE;None;CABINET DU DR YVON;18 RUE ST MARTIN;None;44480 DONGES
CRESTE AURELIA;None;CABINET DU DR CRESTE;1B RUE DE LA GARE;None;44110 ERBRAY
POYETTON JESSICA;ZA LA MADELEINE;CABINET DU DR POYETTON;4 RUE DU PRE CLOS;None;44130 FAY DE BRETAGNE
VANDEN BERGHE MARIE;None;CABINET DU DR POYETTON;4 RUE DU PRE CLOS;None;44130 FAY DE BRETAGNE
LALLEMAND MICHEL;None;CABINET DU DR LALLEMAND;4 RUE DU PRE CLOS;None;44130 FAY DE BRETAGNE
VANDEN BERGHE MARIE;None;CABINET DU DR JUTEL;4 RUE DU PRE CLOS;None;44130 FAY DE BRETAGNE
VANDEN BERGHE MARIE;None;CABINET DU DR LALLEMAND;4 RUE DU PRE CLOS;None;44130 FAY DE BRETAGNE
JUTEL GASPARD;None;CABINET DU DR JUTEL;4 RUE DU PRE CLOS;None;44130 FAY DE BRETAGNE
JAQUIN CHOOSIE;None;SELARL CRISTAL;58 RUE D ANJOU;None;44140 GENESTON
ROBARD FRANCOIS;None;SELARL CRISTAL;58 RUE D'ANJOU;None;44140 GENESTON
BEL ANNE SOPHIE;None;CABINET DU DR BEL;58 RUE D ANJOU;None;44140 GENESTON
JAQUIN CHOOSIE;None;CABINET DU DR BEL;58 RUE D ANJOU;None;44140 GENESTON
LARDEUX GREGOIRE;None;CABINET DU DR LARDEUX;16 RUE DU GENERAL DE GAULLE;None;44190 GETIGNE
RENEAU PERRINE;None;CABINET DU DR RENEAU;16 RUE DU GENERAL DE GAULLE;None;44190 GETIGNE
BRIAND AUDREY;None;CABINET DU DR PRAUD;18 RUE DU GENERAL AUDIBERT;None;44190 GORGES
OLIVIER JESSIE;None;CABINET DU DR OLIVIER;18 RUE DU GENERAL AUDIBERT;None;44190 GORGES
PRAUD PAULINE;None;CABINET DU DR PRAUD;18 RUE DU GENERAL AUDIBERT;None;44190 GORGES
BRIAND AUDREY;None;CABINET DU DR OLIVIER;18 RUE DU GENERAL AUDIBERT;None;44190 GORGES
DIAZ STEPHANE;None;SELARL DES FONTAINES;2B RUE DE JARLAN;None;44119 GRANDCHAMP DES FONTAINES
BARUFFI EMMANUEL;None;CABINET DU DR BARUFFI;11 RUE DU GENERAL DE GAULLE;None;44119 GRANDCHAMP DES FONTAINES
DE TONQUEDEC CELINE;None;SELARL DES FONTAINES;2B RUE DE JARLAN;None;44119 GRANDCHAMPS DES FONTAINES
BOURGES PAUL;None;CABINET DU DR GABORIT;37 RUE DE LA HOUSSINE;None;44290 GUEMENE PENFAO
GABORIT FRANCOIS;None;CABINET DU DR GABORIT;37 RUE DE LA HOUSSINE;None;44290 GUEMENE PENFAO
OURY CLEMENTINE;None;CABINET DU DR OURY;37 RUE DE LA HOUSSINE;None;44290 GUEMENE PENFAO
BEAUDOUIN ANNE;None;SELARL DOCTEUR BEAUDOUIN;37 RUE DE LA HOUSSINE;None;44290 GUEMENE PENFAO
LEHEL BRARD FABIENNE;None;CABINET DU DR LEHEL BRARD;22 RUE DE SAILLE;None;44350 GUERANDE
DINU ANDREEA;None;CABINET DU DR DINU;70 FAUBOURG SAINT ARMEL;None;44350 GUERANDE
RANDUINEAU HELENE;None;SELARL MRCD;8 RUE DU MILAN NOIR;None;44350 GUERANDE
GRIMBERT CECILE;IMMEUBLE LES REMPARTS;CABINET DU DR ALLARD;6 BOULEVARD DU NORD;None;44350 GUERANDE
MOUGEAT KARINE;None;CABINET DU DR MOUGEAT;70 FAUBOURG ST ARMEL;None;44350 GUERANDE
HOCDE ARNAUD;None;CABINET DU DR HOCDE;44 BOULEVARD DU GENERAL DE GAULLE;None;44350 GUERANDE
TREMELOT XAVIER;8 RUE ALPHONSE DAUDET;CABINET DENTAIRE;PARC TERTIAIRE DE KERBINI;None;44350 GUERANDE
SOCHAT MARINE;None;CABINET DR SOCHAT;8 RUE DU MILAN NOIR;None;44350 GUERANDE
MARTIN MATHIEU;None;CABINET DU DR DINU;70B FAUBOURG ST ARMEL;None;44350 GUERANDE
MYLONAS JULIEN;None;ORTO;8 RUE ALPHONSE DAUDET;None;44350 GUERANDE
ROUAUD MARION;None;SELARL MRCD;8 RUE DU MILAN NOIR;None;44350 GUERANDE
GRIMBERT CECILE;IMMEUBLE LES REMPARTS;CABINET DU DR VRIGNAUD;6 BOULEVARD DU NORD;None;44350 GUERANDE
HENRY BERTRAND;RES ANNA VREIZH;CABINET DU DR HENRY;1 AVENUE ANNE DE BRETAGNE;BAT C;44350 GUERANDE
RANDUINEAU HELENE;None;CABINET DU DR SOCHAT;8 RUE DU MILAN NOIR;None;44350 GUERANDE
DUGRE OLIVIER;None;CABINET DU DR DUGRE;22 RUE DE SAILLE;None;44350 GUERANDE
VRIGNAUD DOMINIQUE;IMMEUBLE LES REMPARTS;SCM VRIGNAUD FREOUR;6 D BVD DU NORD;None;44350 GUERANDE
DORION CLAIRE;None;SELARL IVOIRE;14 BOULEVARD DU GENERAL DE GAULLE;None;44350 GUERANDE
ALLARD PIERRE;IMMEUBLE LES REMPARTS;CABINET DU DR ALLARD;6 BOULEVARD DU NORD;None;44350 GUERANDE
MARTIN MATHIEU;None;CABINET DU DR MOUGEAT;70 FAUBOURG ST ARMEL;None;44350 GUERANDE
BUREAU LUCIEN;None;CABINET DU DR RICHARD;39 RUE DU CHATEAU;None;44115 HAUTE GOULAINE
LE GLAUNEC ANNE SOPHIE;None;SELARL SOCIETE DU DOCTEUR LE GLAUNEC;8 RUE DU SABLAIS;None;44115 HAUTE GOULAINE
LEMOUNIER FRANCOISE;None;CABINET DU DR LEMOUNIER;4 RUE DES EPINETTES;None;44115 HAUTE GOULAINE
BUREAU LUCIEN;None;CABINET DU DR DRONET;39 RUE DU CHATEAU;None;44115 HAUTE GOULAINE
RICHARD ESTELLE;None;CABINET DU DR RICHARD;39 RUE DU CHATEAU;None;44115 HAUTE GOULAINE
DRONET LUCIE;None;CABINET DU DR DRONET;39 RUE DU CHATEAU;None;44115 HAUTE GOULAINE
BARRE MARION;None;CABINET DU DR BARRE;8 RUE DU SABLAIS;None;44115 HAUTE GOULAINE
KELLER JEAN MAURICE;None;CABINET DU DR KELLER;57 RUE DE VERDUN;None;44410 HERBIGNAC
MORVAN DOMINIQUE;None;CABINET DU DR MORVAN;61 AVENUE DES SPORTS;None;44410 HERBIGNAC
THUAL CAROLINE;None;CABINET DU DR THUAL;61 AVENUE DES SPORTS;None;44410 HERBIGNAC
GORDEEFF MICHEL;None;SELARL GORDEEFF;25 RUE DE LA REPUBLIQUE;None;44810 HERIC
BOUCHET LAETITIA;None;CABINET DU DR BOUCHET;25 RUE DE LA REPUBLIQUE;None;44810 HERIC
SECHER MANUEL;None;CABINET DU DR SECHER;25 RUE DE LA REPUBLIQUE;None;44810 HERIC
PELLERIN EMMANUEL;None;SELARL GORDEEFF;25 RUE DE LA REPUBLIQUE;None;44810 HERIC
CORMERAIS CELINE;None;CABINET DU DR CORMERAIS;25 RUE DE LA REPUBLIQUE;None;44810 HERIC
PELLERIN EMMANUEL;None;CABINET DU DR CORMERAIS;25 RUE DE LA REPUBLIQUE;None;44810 HERIC
PELLERIN EMMANUEL;None;CABINET DU DR BOUCHET;25 RUE DE LA REPUBLIQUE;None;44810 HERIC
PELLERIN EMMANUEL;None;CABINET DU DR SECHER;25 RUE DE LA REPUBLIQUE;None;44810 HERIC
CASTEUBLE ALICE;None;CABINET DU DR BOUCHET;21 RUE DES VALLONS DE L'ERDRE;None;44440 JOUE SUR ERDRE
BOUCHET XAVIER;None;CABINET DU DR BOUCHET;21 RUE DES VALLONS D ERDRE;None;44440 JOUE SUR ERDRE
POUCET NICOLAS;None;CABINET DU DR POUCET;21 RUE DES VALLONS D ERDRE;None;44440 JOUE SUR ERDRE
ROBERT THOMIN SANDRINE;None;CABINET DU DR ROBERT THOMIN;1 RUE VALLONS D ERDRE;None;44440 JOUE SUR ERDRE
CASTEUBLE ALICE;None;CABINET DU DR ROBERT THOMIN;21 RUE DES VALLONS D ERDRE;None;44440 JOUE SUR ERDRE
THIBAULT NADINE;None;CABINET DU DR THIBAULT;38 AVENUE GEORGES CLEMENCEAU;None;44500 LA BAULE
JOSSET CYRIL;SELARL IMPLANTOCEAN;IMPLANTOCEAN;20 AVENUE DES IBIS;None;44500 LA BAULE
PALLICE DIDIER;None;CABINET DU DR PALLICE;6 PLACE DES PALMIERS;None;44500 LA BAULE
AUBOURG CLEMENCE;None;SELARL DOCTEUR CLEMENCE AUBOURG;118 AVENUE GUY DE LA MORANDAIS;None;44500 LA BAULE
SUIRE VALERIE;POLE SANTE DES CORALLINES;SELARL DOCTEUR VALERIE SUIRE;12B AVENUE DES CORALLINES;LA BAULE;44500 LA BAULE
ROBIN FANNY;None;CABINET DU DR ROBIN;72 AVENUE GEORGES CLEMENCEAU;None;44500 LA BAULE
VRIGNAUD FABRICE;None;CABINET DENTAIRE;124 AVENUE DU GENERAL DE GAULLE;None;44500 LA BAULE
GENTRIC HELENE;None;CABINET DENTAIRE;1 AVENUE EDMOND ROSTAND;None;44500 LA BAULE
YAGHOUB ZADEH SARAH;None;SELARL SHYZ;72 AVENUE GEORGES CLEMENCEAU;None;44500 LA BAULE
MALIDIN CLEMENTINE;None;SELARL DOCTEUR CLEMENCE AUBOURG;118 AVENUE GUY DE LA MORANDAIS;None;44500 LA BAULE
VIGOT MATTER LEOPOLD;None;SELARL IMPLANTOCEAN;20 AVENUE DES IBIS;None;44500 LA BAULE ESCOUBLAC
CHAMPIGNEULLE LIBEAU NATHALIE;None;SELARL CABINET DENTAIRE DES PALMIERS;6 PLACE DES PALMIERS;None;44500 LA BAULE ESCOUBLAC
DENIS LE SEVE THOMAS;None;CABINET DU DR PALLICE;6 PLACE DES PALMIERS;None;44500 LA BAULE ESCOUBLAC
DENIS LE SEVE THOMAS;None;CABINET DU DR CHAMPIGNEULLE LIBEAU;6 PLACE DES PALMIERS;None;44500 LA BAULE ESCOUBLAC
PLOTON CATHERINE;POLE SANTE DES CORALLINES;SELARL DOCTEUR VALERIE SUIRE;12B AVENUE DES CORALLINES;None;44500 LA BAULE ESCOUBLAC
SINQUIN CAROLE;None;SELARL IMPLANTOCEAN;20 AVENUE DES IBIS;None;44500 LA BAULE ESCOUBLAC
MIEDZIAL KAI;None;CABINET DU DR MIEDZIAL;8 CHAUSSEE DU PAYS DE RETZ;None;44760 LA BERNERIE EN RETZ
DUBOSC MARIE CECILE;None;CABINET DU DR DUBOSC;8 CHAUSSEE DU PAYS DU RETZ;None;44760 LA BERNERIE EN RETZ
BOCCARA DINA;None;CABINET DU DR DUBOSC;8 CHAUSSEE DU PAYS DE RETZ;None;44760 LA BERNERIE EN RETZ
MANCIAUX JEAN PHILIPPE;SELARL DR MANCIAUX J P;SELARL DOCTEUR JEAN PHILIPPE MANCIAUX;8 CHAUSSEE PAYS DE RETZ;None;44760 LA BERNERIE EN RETZ
LEMOUNIER FRANCOISE;None;None;9 RUE DU STADE;None;44450 LA CHAPELLE BASSE MER
PELE JEREMY;None;CABINET DU DR PELE;25 RUE DU VAL DE LOIRE;None;44450 LA CHAPELLE BASSE MER
CHARDON ETIENNE;None;CABINET DENTAIRE;9 RUE DU STADE;None;44450 LA CHAPELLE BASSE MER
SANCHEZ MARIE JOSE;None;CABINET DENTAIRE;9 RUE DU STADE;None;44450 LA CHAPELLE BASSE MER
LEMOUNIER FRANCOISE;None;CABINET DU DR CHARDON;9 RUE DU STADE;None;44450 LA CHAPELLE BASSE MER
GAUDICHEAU GWENAELLE;None;CABINET DU DR GAUDICHEAU;48 RUE DE LA SAULZAIE;None;44410 LA CHAPELLE DES MARAIS
GOMBOURG PHILIPPE;None;CABINET DU DR GOMBOURG;48 RUE DE LA SAULZAIE;None;44410 LA CHAPELLE DES MARAIS
PREVAULT CLEMENT;None;CABINET DU DR PREVAULT;48 RUE DE LA SAULZAIE;None;44410 LA CHAPELLE DES MARAIS
MAHE CHRISTINE;None;CABINET DU DR MAHE;48 RUE DE LA SAULZAIE;None;44410 LA CHAPELLE DES MARAIS
EBOUEYA SOPHIE;None;CABINET DU DR EBOUEYA;5 RUE DES RICORNEAUX;None;44330 LA CHAPELLE HEULIN
LE CALVE VINCENT;None;CABINET DU DR LE CALVE;5 RUE DES RICORNEAUX;None;44330 LA CHAPELLE HEULIN
GERVAIS PIERRE MARIE;None;CABINET DU DR GERVAIS;26 AVENUE DES NOIERIES;None;44240 LA CHAPELLE SUR ERDRE
GIRAUDEAU THIERRY;LA GESVRINE;CABINET DU DR GIRAUDEAU;BOULEVARD JACQUES DEMY;None;44240 LA CHAPELLE SUR ERDRE
LEGRAND JULIEN;None;CABINET DU DR MARCHAL;4 AVENUE DES NOIERIES;None;44240 LA CHAPELLE SUR ERDRE
WOJTIUK FABIENNE;None;SELARL CABINET DENTAIRES DES PERRIERES;2 RUE ANDRE FRANQUIN;None;44240 LA CHAPELLE SUR ERDRE
BUSSON THOMAS;None;SELARL THOMAS BUSSON;17 RUE MENDES FRANCE;None;44240 LA CHAPELLE SUR ERDRE
MARCHAL NATHALIE;None;CABINET DR MARCHAL;4 AVENUE DES NOIERIES;None;44240 LA CHAPELLE SUR ERDRE
BEGON SOPHIE;None;SOPHIE BEGON;17 RUE MENDES FRANCE;None;44240 LA CHAPELLE SUR ERDRE
LEGRAND JULIEN;None;CABINET DU DR HURTREL;4 AVENUE DES NOIERIES;None;44240 LA CHAPELLE SUR ERDRE
CHABBERT TIPHAINE;None;CABINET DU DR CHABBERT;26 AVENUE DES NOIERIES;None;44240 LA CHAPELLE SUR ERDRE
RIOU EMMANUELLE;LA GESVRINE;CABINET DU DR RIOU;BOULEVARD JACQUES DEMY;None;44240 LA CHAPELLE SUR ERDRE
CARADEC SIMON;None;CABINET DU DR CHAUVET;17 RUE DE SUCE;None;44240 LA CHAPELLE SUR ERDRE
HURTREL DAVID;None;CABINET DU DR HURTREL;4 AVENUE DES NOIERIES;None;44240 LA CHAPELLE SUR ERDRE
PONDAVEN PHILIPPE;None;SELARL PHILIPPE PONDAVEN;17 RUE MENDES FRANCE;None;44240 LA CHAPELLE SUR ERDRE
CHAUVET ETIENNE;None;CABINET DU DR CHAUVET;17 RUE DE SUCE;None;44240 LA CHAPELLE SUR ERDRE
THERY LAURENT;None;SELARL CABINET DENTAIRE DES PERRIERES;2 RUE ANDRE FRANQUIN;None;44240 LA CHAPELLE SUR ERDRE
PONDAVEN DORISON CECILE;None;SELARL CECILE PONDAVEN;17 RUE MENDES FRANCE;None;44240 LA CHAPELLE SUR ERDRE
VANDERPLAETSEN PERIOT FLORENCE;None;None;1 RUE MARTIN LUTHER KING;None;44240 LA CHAPELLE SUR ERDRE
DOUBLET INES;None;CABINET DU DR DOUBLET;1 RUE MARTIN LUTHER KING;None;44240 LA CHAPELLE SUR ERDRE
PHAM SERGE;None;SERGE PHAM;17 RUE MENDES FRANCE;None;44240 LA CHAPELLE SUR ERDRE
TAILLIEZ EMILIE;None;SELARL CABINET DENTAIRE DES PERRIERES;2 RUE ANDRE FRANQUIN;None;44240 LA CHAPELLE SUR ERDRE
ROBERT FRANCOIS;None;CABINET DU DR BEAUMONT;1 RUE DU VERGER;None;44118 LA CHEVROLIERE
BEAUMONT LAURENCE;None;CABINET DU DR BEAUMONT;1 RUE DU VERGER;None;44118 LA CHEVROLIERE
LAILLIER SYLVIE;None;CABINET DU DR LAILLIER;1 RUE DU VERGER;None;44118 LA CHEVROLIERE
ROBERT FRANCOIS;None;CABINET DU DR LAILLIER;1 RUE DU VERGER;None;44118 LA CHEVROLIERE
LE TROADEC CHAGNEAU SOLEN;None;CABINET DU DR LE TROADEC CHAGNEAU;21 RUE DE LA GARENNE;None;44690 LA HAIE FOUASSIERE
LE PHILIPPE TYPHAINE;None;CABINET DU DR LE PHILIPPE;21 RUE DE LA GARENNE;None;44690 LA HAIE FOUASSIERE
PAVAGEAU GILBERT;None;CABINET DU D PAVAGEAU;7 PLACE DES HUIT VIGNERONS;None;44690 LA HAIE FOUASSIERE
ROUILLON DOMINIQUE;None;CABINET DU DR ROUILLON;149 ROUTE DE BOUGUENAIS;None;44620 LA MONTAGNE
LAILLE CHARLENE;None;SELARL DENTISTES DES DRS CIVEL ET HUGE;12 AVENUE DE L EUROPE;None;44620 LA MONTAGNE
CHETTOUH YASSINE;None;CABINET DU DR GUILLON;149 ROUTE DE BOUGUENAIS;None;44620 LA MONTAGNE
BALLANDRAS MICHEL;None;CABINET DU DR BALLANDRAS;149 ROUTE DE BOUGUENAIS;None;44620 LA MONTAGNE
LANOISELEE GABRIELLE;None;SELARL DE CHIR DENT DRS CIVEL ET HUGEL;12 AVENUE DE L EUROPE;None;44620 LA MONTAGNE
HUGEL GUILLAUME;None;SELARL DES DRS CIVEL ET HUGEL;12 AVENUE DE L EUROPE;None;44620 LA MONTAGNE
GUILLON OLIVIER;None;CABINET DU DR GUILLON;149 ROUTE DE BOUGUENAIS;None;44620 LA MONTAGNE
REMAUD DOMINIQUE;None;CABINET DU DR REMAUD;22 PLACE DU MARCHE;None;44420 LA TURBALLE
LETERTRE HUGO;None;CABINET DU DR LETERTRE;22 PLACE DU MARCHE;None;44420 LA TURBALLE
RAPHALEN MATHIEU;None;CABINET DU DR RAPHALEN;22 PLACE DU MARCHE;None;44420 LA TURBALLE
MALLIER LAURENT;None;CABINET DU DR MALLIER;6T RUE DU MOULIN;None;44140 LE BIGNON
HIRTEA CRISTIAN;None;SELARL VLD;3 PLACE DE LA CROIX DE VILLE;None;44490 LE CROISIC
GROSSEL ROMAIN;None;CABINET DU DR GROSSEL;1 RUE DU CADUCEE;None;44430 LE LANDREAU
MATHIEU ANNE;None;CABINET DU DR MATHIEU;1 RUE DU CADUCEE;None;44430 LE LANDREAU
DUSSERT FABIEN;None;CABINET DU DR DESTERNES;20 RUE ANNE DE GOULAINE;None;44430 LE LOROUX BOTTEREAU
DESTERNES EVRARD;None;CABINET DU DR DESTERNES;20 RUE ANNE DE GOULAINE;None;44430 LE LOROUX BOTTEREAU
CHUPIN EMILIE;None;CABINET DU DR CHUPIN;35 ROUTE DE NANTES;None;44430 LE LOROUX BOTTEREAU
LERAY HERVE;None;None;34A RUE DE LA LOIRE;None;44430 LE LOROUX BOTTEREAU
JEANTIN FRANCIS;None;CABINET DU DR JEANTIN;35 ROUTE DE NANTES;None;44430 LE LOROUX BOTTEREAU
LESIEUR MARTIN;None;SELARL DR ADRIEN BEL;6 RUE PROSPER MERIMEE;None;44330 LE PALLET
GUILLET FRANCOISE;None;CABINET DU DR GUILLET;6 RUE PROSPER MERIMEE;None;44330 LE PALLET
LEMAN SARAH;None;CABINET DU DR LEMAN;6 RUE PROSPER MERIME;None;44330 LE PALLET
LESIEUR MARTIN;None;CABINET DU DR GUILLET;6 RUE PROSPER MERIMEE;None;44330 LE PALLET
BEL ADRIEN;None;SELARL DR ADRIEN BEL;6 RUE PROSPER MERIMEE;None;44330 LE PALLET
PRUD HOMME TONY;None;CABINET DU DR JARASSIER;11 RUE ARISTIDE BERTREUX;None;44640 LE PELLERIN
HAYS ALEXANDRA;None;CABINET DU DR JARASSIER;11 RUE ARISTIDE BERTREUX;None;44640 LE PELLERIN
FOURNEL JEAN PHILIPPE;None;CABINET DU DR FOURNEL;1 BOULEVARD JEAN MONNET;None;44640 LE PELLERIN
LAMBERT TREIL CAROLINE;None;CABINET DU DR FOURNEL;1 BOULEVARD JEAN MONNET;None;44640 LE PELLERIN
JARASSIER STEPHANIE;None;CABINET DU DR JARASSIER;11 RUE ARISTIDE BERTREUX;None;44640 LE PELLERIN
SAUTERON VINCENT;None;CABINET DU DR SAUTERON;44 RUE DE L AMIRAL COURBET;None;44510 LE POULIGUEN
FLAMANT HOMASSON FLORENCE;None;CABINET DU DR FLAMANT;5 RUE DU CROISIC;None;44510 LE POULIGUEN
TILLY MARC;None;SELARL MARC TILLY;20 RUE DU GENERAL LECLERC;None;44510 LE POULIGUEN
KOTBAS SIBEL;None;CABINET DU DR FLAMANT;5 RUE DU CROISIC;None;44510 LE POULIGUEN
FERRE OLIVIER;None;CABINET DU DR FERRE;20 RUE DU GENERAL LECLERC;None;44510 LE POULIGUEN
BARBOTTE HELENE;None;CABINET DU DR BARBOTTE;1 RUE DE CHAMBORD;None;44650 LEGE
LOISEAU JOHANNE;None;CABINET DU DR ANGIBAUD;1 RUE DE CHAMBORD;None;44650 LEGE
ANGIBAUD GEOFFREY;None;CABINET DU DR ANGIBAUD;1 RUE DE CHAMBORD;None;44650 LEGE
KOITA DAVID;None;CABINET DU DR DR KOITA;1 RUE DE CHAMBORD;None;44650 LEGE
LOISEAU JOHANNE;None;CABINET DU DR BARBOTTE;1 RUE DE CHAMBORD;None;44650 LEGE
LOISEAU JOHANNE;None;CABINET DU DR KOITA;1 RUE DE CHAMBORD;None;44650 LEGE
LOISEAU JOHANNE;None;CABINET DU DR RICHE;1 RUE DE CHAMBORD;None;44650 LEGE
LOISEAU JOHANNE;None;CABINET DU DR TIGHZA;1 RUE DE CHAMBORD;None;44650 LEGE
RICHE JEAN PIERRE;None;CABINET DU DR RICHE;1 RUE DE CHAMBORD;None;44650 LEGE
TIGHZA FAKHREDDINE;None;SELARL TIGHZA;1 RUE DE CHAMBORD;None;44650 LEGE
PHAM EVELYNE;None;CABINET DU DR PHAM;6 RUE DE L ELAN;None;44840 LES SORINIERES
CRETAL CHARLES;None;CABINET DU DR CRETAL;2 RUE RAOUL DE GUIGNE;None;44840 LES SORINIERES
PIEDVACHE FREDERIQUE;None;CABINET DU DR PIEDVACHE;2 RUE RAOUL DE GUIGNE;None;44840 LES SORINIERES
BENARD CAMILLE;LE BATEAU BLEU;CABINET DU DR BENARD;2 RUE RAOUL DE GUIGNE;None;44840 LES SORINIERES
LANNES MANON;None;CABINET DU DR CHANU;31 RUE LOUIS JOURDON;None;44850 LIGNE
LOUCACHEVSKY NICOLAS;None;SELARL DR NICOLAS LOUCACHEVSKY;121 RUE DES FRESNES;None;44850 LIGNE
CHANU CLAIRE;None;CABINET DU DR CHANU;31 RUE LOUIS JOURDON;None;44850 LIGNE
TOUZARD BOSSUET FABIENNE;None;CABINET DU DR TOUZARD BOSSUET;1B RUE DES REDOUX;None;44270 MACHECOUL
LE MEE ANNE SOPHIE;None;CABINET DU DR LE MEE;1B RUE DES REDOUX;None;44270 MACHECOUL
CUPIF DOMINIQUE;None;CABINET DU DR CUPIF;1B RUE DES REDOUX;None;44270 MACHECOUL
BARON CHARLOTTE;None;CABINET DU DR BARON;77B ROUTE DE NANTES;None;44270 MACHECOUL
BOURSIN CECILE;None;DUVAL D ASTORG;77B RUE DE NANTES;None;44270 MACHECOUL ST MEME
BORDRON ANTOINE;None;SELARL BORDRON;2 PLACE SAINTE MARGUERITE;None;44270 MACHECOUL ST MEME
DEBEC PUCELLE CANDICE;None;CABINET DU DR CUPIF;1B RUE DES REDOUX;None;44270 MACHECOUL ST MEME
D ASTORG MARC;None;DUVAL D ASTORG;72B RUE DE NANTES;None;44270 MACHECOUL ST MEME
DEBEC PUCELLE CANDICE;None;CABINET DU DR LE MEE;1B RUE DES REDOUX;None;44270 MACHECOUL ST MEME
DEBEC PUCELLE CANDICE;None;CABINET DU DR TOUZARD BOSSUET;1B RUE DES REDOUX;None;44270 MACHECOUL ST MEME
FIKRY ATIF;None;CABINET DU DR FIKRY;2 PLACE SAINTE-MARGUERITE;None;44270 MACHECOUL ST MEME
BOURSIN CECILE;None;CABINET DU DR BARON;77B ROUTE DE NANTES;None;44270 MACHECOUL ST MEME
GOURNAY CHRISTOPHE;None;SELARL DOCTEUR CHRISTOPHE GOURNAY;77B RUE DE NANTES;None;44270 MACHECOUL ST MEME
DUVAL CAMILLE;None;DUVAL D ASTORG;77B RUE DE NANTES;None;44270 MACHECOUL ST MEME
BOUGARD FRANCOIS MARIE;None;CABINET DU DR BOUGARD;RUE CENTRALE;None;44260 MALVILLE
MALIDIN THIERRY;None;CABINET DU DR MALIDIN;2 RUE DE LA LOIRE;None;44470 MAUVES SUR LOIRE
BINJAMIN PATRICK;None;CABINET DENTAIRE;201 AVENUE DES CHENES;None;44522 MESANGER
KOTBAS SIBEL;None;CABINET DU DR CONQUERANT;16 RUE DE LA FONTAINE SAINT JEAN;None;44780 MISSILLAC
MARAVAL CATHERINE;None;SELARL DOCTEUR CATHERINE MARAVAL;16 RUE DE LA FONTAINE ST JEAN;None;44780 MISSILLAC
KOTBAS SIBEL;None;SELARL DOCTEUR CATHERINE MARAVAL;16 RUE DE LA FONTAINE SAINT JEAN;None;44780 MISSILLAC
CONQUERANT ANNE;None;CABINET DU DR CONQUERANT;16 RUE DE LA FONTAINE ST JEAN;None;44780 MISSILLAC
LEGRAND ROMANE;None;SELARL DU DR MOULIN;2 PLACE DU LAVOIR;None;44140 MONTBERT
MOULIN WILLIAM;None;SELARL DU DR MOULIN;2 PLACE DU LAVOIR;None;44140 MONTBERT
FAVREAU LEO;None;SELARL FATU I MOANA;1 RUE HUBERT BOUYER;None;44550 MONTOIR DE BRETAGNE
LE BRENN JACQUES;None;CABINET DU DR LE BRENN;34B RUE GEORGE SAND;None;44550 MONTOIR DE BRETAGNE
LIBEAU THOMAS;None;SELARL DOCTEUR LIBEAU THOMAS;1 AVENUE HUBERT BOUYER;None;44550 MONTOIR DE BRETAGNE
MICHELLAND ALEXANDRE;None;CABINET DU DR MICHELLAND;34B RUE GEORGES SAND;None;44550 MONTOIR DE BRETAGNE
GROLLEAU JEAN EMMANUEL;None;SELARL FATU I MOANA;1 RUE HUBERT BOUYER;None;44550 MONTOIR DE BRETAGNE
MENORET PATRICIA;None;CABINET DU DR MENORET CIROT;32 RUE JEAN JAURES;None;44550 MONTOIR DE BRETAGNE
BERTIN JENNIFER;None;CABINET DU DR LIBEAU;1 RUE HUBERT BOUYER;None;44550 MONTOIR DE BRETAGNE
CHANGEY LICHT LUCIE;None;CABINET DU DR CHANGEY LICHT;9 BOULEVARD EUGENE ORIEUX;None;44000 NANTES
LANDREAU BOUCHONNEAU SOPHIE;None;SELARL CABINET DES DOCTEURS BOUCHONNEA;1 PLACE PAUL EMILE LADMIRAULT;None;44000 NANTES
LE ROY ALICE;BATIMENT A;CABINET DU DR CASSARD SHINODA;2 ALLEE DU HERON;None;44000 NANTES
CHEVROT PASCALE;None;CABINET DU DR CHEVROT;4B ROUTE DE CLISSON;None;44200 NANTES
FORTUN BRUNO;None;CABINET DU DR FORTUN;23 BOULEVARD DE LA CHAUVINIERE;None;44300 NANTES
GRALL PIERRE YVES;None;CABINET DENTAIRE;51 BOULEVARD ROBERT SCHUMAN;None;44300 NANTES
LEPINE REIGNIER CECILE;None;CABINET DU DR LEPINE REIGNIER;51 BOULEVARD ROBERT SCHUMAN;None;44300 NANTES
MAROIS NICOLAS;None;NATURASMILE;76 RUE LEON JOST;None;44000 NANTES
HAOND JEAN DENIS;None;SELARL PORTE NEUVE;3 RUE PORTE NEUVE;None;44000 NANTES
MAREK LISA;None;CABINET DU DR HULLIN;14 PLACE VIARME;None;44000 NANTES
PASQUIER WILFRIED;None;DOCTEUR PASQUIER;4 BOULEVARD LELASSEUR;None;44000 NANTES
DECAUX AURELIE;None;CABINET DU DR DESPUECH;66 RUE DE LA BASSE CHENAIE;None;44300 NANTES
JENIN SYLVIE;None;SELARL DU DR JENIN;24 RUE DES BOURDERIES;None;44100 NANTES
HERVY DOMINIQUE;None;CABINET DU DR HERVY;1 RUE DU GENERAL BUAT;None;44000 NANTES
GUIBERT MARIE;None;CABINET DU DR GUIBERT;13 AVENUE KERFONTAINE;None;44300 NANTES
GRIZET PIERRE ARCHIBAL;None;CABINET DU DR GRIZET;21A BOULEVARD GABRIEL GUIST'HAU;None;44000 NANTES
MOTTE MATHILDE;None;CABINET DU DR CHARTIER MARTIN;44 RUE DE GIGANT;None;44100 NANTES
PASQUIER STEPHANE;None;SELARL DE LA HALUCHERE;218 BOULEVARD JULES VERNE;None;44300 NANTES
NOMBALLAIS SYLVIE;None;CABINET DU DR NOMBALLAIS;19 RUE DES RENARDIERES;None;44100 NANTES
PAHUD ERIC;None;CABINET DENTAIRE;6 BOULEVARD BOULAY PATY;None;44100 NANTES
FOUCAULT JEREMIE;None;CABINET DU DR FOUCAULT;6 BOULEVARD DU PORT MULON;None;44390 NORT SUR ERDRE
PORTOLEAU THIERRY;None;CABINET DU DR PORTOLEAU;6 BOULEVARD DU PORT MULON;None;44390 NORT SUR ERDRE
RIPOCHE JOANNE CATHERINE;None;None;20 RUE DU GENERAL LECLERC;None;44390 NORT SUR ERDRE
CHAZE MARIE CLAIRE;None;SELARL DR MARIE CLAIRE CHAZE;10 BOULEVARD DE LA GARE;None;44390 NORT SUR ERDRE
VEILLON CLEMENT;None;CABINET DU DR CHAZE;10 BOULEVARD DE LA GARE;None;44390 NORT SUR ERDRE
DELESTRE CLAUDINE;None;CABINET DENTAIRE;20 RUE DU GENERAL LECLERC;None;44390 NORT SUR ERDRE
CRAUSTE ELEONORE;None;CABINET DU DR LANNES;110 IMPASSE DES TERR DE LA CHESNAIE;None;44170 NOZAY
LANNES JEAN NOEL;None;CABINET DU DR LANNES;110 IMPASSE TERRASSES DE LA CHESNAIE;None;44170 NOZAY
CRAUSTE ELEONORE;None;CABINET DU DR LANOISELEE;110 IMPASSE DES TERR DE LA CHESNAIE;None;44170 NOZAY
BODIC FRANCOIS;None;CABINET DU DR BODIC;110 IMPASSE TERRASSES DE LA CHESNAIE;None;44170 NOZAY
CRAUSTE ELEONORE;None;CABINET DU DR BODIC;110 IMPASSE DES TERR DE LA CHESNAIE;None;44170 NOZAY
LANOISELEE EDOUARD;None;CABINET DU DR LANOISELEE;110 IMPASSE TERRASSES DE LA CHESNAIE;None;44170 NOZAY
MARTIN THEOPHILE;None;SELARL APPOLINE;3 RUE DU PRINTEMPS;None;44700 ORVAULT
CONORD CHARLOTTE;None;CABINET DU DR VOLLAIRE;51 AVENUE DE LA CHOLIERE;None;44700 ORVAULT
HIVELIN FABRICE;None;CABINET DU DR HIVELIN;4B AVENUE FELIX VINCENT;None;44700 ORVAULT
GOBRON DELPHINE;None;CABINET DU DR GOBRON;74 RUE DES DAHLIAS;None;44700 ORVAULT
JOUANJEAN BAUDOUIN;None;SELARL BAUDOUIN JOUANJEAN;2 RUE DE L'HOTEL DE VILLE;None;44700 ORVAULT
CASAS THIBAUD;None;SELARL DOCTEUR THIBAUD CASAS;23 RUE JULES VERNE;None;44700 ORVAULT
BESNIER ROMAIN;None;SELARL DU DOCTEUR ROMAIN BESNIER;34 RUE JULES VERNE;None;44700 ORVAULT
BINACHON CHRISTOPHE;None;SELARL APPOLINE;3 RUE DU PRINTEMPS;None;44700 ORVAULT
SWINBURNE KEVIN;None;KMS DENTAIRE;2 RUE DE L'HOTEL DE VILLE;None;44700 ORVAULT
VOLLAIRE AUGUSTIN;None;CABINET DU DR VOLLAIRE;51 AVENUE DE LA CHOLIERE;None;44700 ORVAULT
RENAUDIN OLIVIER;None;CABINET DU DR RENAUDIN;13 PLACE JEANNE D ARC;None;44700 ORVAULT
TROCHU CLAIRE;None;APPOLINE;3 RUE DU PRINTEMPS;None;44700 ORVAULT
RENAUDIN KARINE;None;CABINET DU DR RENAUDIN;13 PLACE JEANNE D ARC;None;44700 ORVAULT
SAVIGNAT CLEMENT;None;CABINET DU DR GOBRON;74 RUE DES DAHLIAS;None;44700 ORVAULT
BROSSIER BERNARD;None;CABINET DU DR BROSSIER;28 AVENUE ALEXANDRE GOUPIL;None;44700 ORVAULT
DUBOIS LEGRAND ANNE PRISCILLE;None;CABINET DU DR HIVELIN;4B AVENUE FELIX VINCENT;None;44700 ORVAULT
SAVIGNAT CLEMENT;None;CABINET DU DR GAUDIN;74 RUE DES DAHLIAS;None;44700 ORVAULT
CARDOSO TEIXEIRA ISABEL;None;CABINET DU DR CARDOSO TEIXEIRA;51 AVENUE DE LA CHOLIERE;None;44700 ORVAULT
SAUNIER MATHILDE;None;SELARL DU DOCTEUR ROMAIN BESNIER;34 RUE JULES VERNE;None;44700 ORVAULT
SAINT ETIENNE CLOTHILDE;None;SELARL DOCTEUR THIBAUD CASAS;23 RUE JULES VERNE;None;44700 ORVAULT
HERVE JUNOT BARBARA;None;CABINET DU DR HERVE JUNOT;92 IMPASSE DE LA LOIRE;None;44521 OUDON
DAIRIEN AGATHE;None;CABINET DU DR HIBON;92 IMPASSE DE LA LOIRE;None;44521 OUDON
HIBON CHARLES;None;CABINET DU DR HIBON;92 IMPASSE DE LA LOIRE;None;44521 OUDON
DAIRIEN AGATHE;None;CABINET DU DR HERVE JUNOT;92 IMPASSE DE LA LOIRE;None;44521 OUDON
ALGABA SOLENE;None;CABINET DU DR ALGABA;92 IMPASSE DE LA LOIRE;None;44521 OUDON
SOTO RONAN;None;CABINET DU DR SOTO;16 RUE DU GENERAL DE GAULLE;None;44560 PAIMBOEUF
PICHODO MAEVA;None;CABINET DU DR PICHODO;56B RUE DE NANTES;None;44390 PETIT MARS
HUISMAN ROSALIA;None;CAB DU DR HUISMAN;12 RUE DU PLADREAU;None;44420 PIRIAC SUR MER
MOREAU CLOTHILDE;None;CABINET DU DR HUISMAN;12 RUE DU PLADREAU;None;44420 PIRIAC SUR MER
JIQUELLE LINDA;None;SELARL DENTALIN;12 RUE DE PARADIS;None;44630 PLESSE
BENACCHIO ESTELLE;None;SELARL DENTALIN;12 RUE DU PARADIS;None;44630 PLESSE
LE CLEC H ANNE;None;CABINET DU DR NACIRI;1 RUE DU PLESSIS;None;44860 PONT ST MARTIN
ZEIDAN JIHAD;None;SELARL CEDRE ROUGE;1B RUE DES VIGNES;None;44860 PONT ST MARTIN
PROU MARIE LAURE;None;None;11 RUE DU PAYS DE RETZ;None;44860 PONT ST MARTIN
LE CLEC H ANNE;None;CABINET DU DR LE RUYET;1 RUE DU PLESSIS;None;44860 PONT ST MARTIN
FABLET BEATRICE;None;CABINET DU DR FABLET;1B RUE DES VIGNES;None;44860 PONT ST MARTIN
NACIRI NAJOUA;None;CABINET DU DR NACIRI;1 RUE DU PLESSIS;None;44860 PONT ST MARTIN
LE RUYET DELPHINE;None;CABINET DU DR LE RUYET;1 RUE DU PLESSIS;None;44860 PONT ST MARTIN
RIERA JEAN PHILIPPE;None;CABINET DU DR RIERA;20 ROUTE DE VANNES;None;44160 PONTCHATEAU
BERTHELOT ESTELLE;None;CABINET DU DR BERTHELOT;9 RUE DE NANTES;None;44160 PONTCHATEAU
PHAN KIM CAMILLE;None;CABINET DU DR PHAN;20 ROUTE DE VANNES;None;44160 PONTCHATEAU
PATRIS MARIE LAURE;None;CABINET DU DR PATRIS;3 RUE DU BOUFFAY;None;44160 PONTCHATEAU
BIZET ADRIEN;None;SELARL BIZET;4 RUE DE LA JULOTTERIE;None;44160 PONTCHATEAU
FERNANDEZ JOSEPHINE;None;SELARL BIZET;4 RUE DE LA JULOTTERIE;None;44160 PONTCHATEAU
GOURNAY CHRISTOPHE;None;SELARL DR CHRISTOPHE GOURNAY;15 RUE COLONEL RENE BABONNEAU;None;44210 PORNIC
BRAY PATRICK;None;CABINET DU DR BRAY;39B RUE JEAN MOULIN;None;44210 PORNIC
ANTUNES NELSON;L ANTULEAU;CABINET DU DR ANTUNES;1 RUE DU BOCAGE;None;44210 PORNIC
RAYMOND CABAUSSEL MARIE;None;CABINET DU DR RAYMOND CABAUSSEL;15 RUE DU COLONEL RENE BABONNEAU;None;44210 PORNIC
BRUHAY LOUISE;None;CABINET DU DR BRUHAY;1 RUE DU BOCAGE;None;44210 PORNIC
SALVIA ROMAIN;None;SELARL OP2R;3 BOULEVARD DE LINZ;None;44210 PORNIC
ROCHOUX OLIVIER;None;CABINET DU DR ROCHOUX;17 RUE DE NANTES;None;44210 PORNIC
RECULEAU SYLVAIN;L ANTULEAU;CABINET DU DR RECULEAU;1 RUE DU BOCAGE;None;44210 PORNIC
MACHENAUD CAMILLE;None;CABINET DU DR LEMARIE;17 RUE JEAN MOULIN;None;44210 PORNIC
MACHENAUD CAMILLE;None;CABINET DU DR ETIENVRE;17 RUE JEAN MOULIN;None;44210 PORNIC
LE MENN QUENTIN;None;SELARL DENTOCEANE;20 IMPASSE DE LA BLAVETIERE;None;44210 PORNIC
BECARELLI PHILIPPE;SELARL DA VINCI;DA VINCI;56 BOULEVARD DE LINZ;STE MARIE SUR MER;44210 PORNIC
LACOTE TITOUAN;None;CABINET DU DR LACOTE;15 RUE COLONEL RENE BABONNEAU;None;44210 PORNIC
ROTHENBUHLER ERIC;None;CABINET DU DR ROTHENBUHLER;17 ROUTE DE NANTES;None;44210 PORNIC
ELLEAU DANIEL;None;CABINET DU DR ELLEAU;17 ROUTE DE NANTES;None;44210 PORNIC
QUINSAT VICTOIRE EUGENI;None;CABINET DU DR LACOTE;15 RUE COLONEL RENE BABONNEAU;None;44210 PORNIC
QUINSAT VICTOIRE EUGENI;None;CABINET DU DR RAYMOND CABAUSSEL;15 RUE COLONEL RENE BABONNEAU;None;44210 PORNIC
LEMARIE LAHIRI;None;CABINET DU DR LEMARIE;17 RUE JEAN MOULIN;None;44210 PORNIC
MEYNET JOSEPHINE;None;SELARL DENTOCEANE;20 IMPASSE DE LA BLAVETIERE;None;44210 PORNIC
ETIENVRE OPHELIE;None;CABINET DU DR ETIENVRE;17 RUE JEAN MOULIN;None;44210 PORNIC
ROBINET FRANCOISE;None;CABINET DU DR ROBINET;12 AVENUE LOUIS BARTHOU;None;44380 PORNICHET
RETAILLEAU YOLAINE;None;CABINET DU DR RETAILLEAU;14 AVENUE DE PRIEUX;None;44380 PORNICHET
MAIMBOURG QUENTIN;None;SELARL QUENTIN MAIMBOURG;5 AVENUE DU LITTORAL;None;44380 PORNICHET
COUGOULIC JEAN PIERRE;None;SELARL DOCTEUR JEAN PIERRE COUGOULIC;7B AVENUE DU 18 JUIN 1940;None;44380 PORNICHET
SIMONNET CLAIRE;None;SELARL DE LA VIGIE;2B BOULEVARD DES OCEANIDES;None;44380 PORNICHET
CADORET JULIEN;None;CADORET JULIEN;5 AVENUE DU LITTORAL;None;44380 PORNICHET
KHOSHNIAT SOLMAZ;None;CABINET DU DR RETAILLEAU;14 AVENUE DE PRIEUX;None;44380 PORNICHET
RAIMBEAU FRANCOIS;STE MARGUERITE;CABINET DENTAIRE;5 AVENUE DU LITTORAL;None;44380 PORNICHET
LECERF HASPOT MARGAUX;None;SELARL DOCTEUR MARGAUX LECERF HASPOT;2 AVENUE DE LA POSTE;None;44380 PORNICHET
MATTIONI DAVID;None;SELARL LA VIGIE;2B BOULEVARD DES OCEANIDES;None;44380 PORNICHET
COLSON GILLES;None;SELARL DOCTEUR JEAN PIERRE COUGOULIC;7B AVENUE DU 18 JUIN 1940;None;44380 PORNICHET
MILLIER ALAIN;None;CABINET DU DR MILLIER;7B AVENUE DU 18 JUIN;None;44380 PORNICHET
LE PORT JULIE;None;CABINET DU DR LE PORT;10B RUE DU COURTIL BALLU;None;44260 PRINQUIAU
DELAVAUX JOSEPHINE;None;CABINET DU DR DELAVAUX;10B RUE DU COURTIL BALLU;None;44260 PRINQUIAU
LORRAIN CHAPMAN CATHERINE;MONTBERT;CAB DU DR LORRAIN CHAPMAN;31 RUE DE LA CROIX BERNARD;None;44140 REMOUILLE
BEUNARD VIRGINIE;None;SCP PRENAUD JOUDON BEUNARD TELLIEZ;29 RUE JULIEN MARCHAIS;None;44400 REZE
BELBEOC H FRANCOIS;None;SELARL CABINET DU DOCTEUR BELBEOC H;23 RUE ARISTIDE BRIAND;None;44400 REZE
ALLAIN PAUL EMILE;None;CABINET DU DR PABOEUF;58B RUE ARISTIDE BRIAND;None;44400 REZE
BRESSOLLETTE MARIE;None;CABINET DU DR BRESSOLLETTE;23 RUE ARISTIDE BRIAND;None;44400 REZE
LUNEAU CATHERINE;None;CABINET DU DR LUNEAU;58B RUE ARISTIDE BRIAND;None;44400 REZE
AGOYER MARTINEAU FREDERIQUE;None;CABINET DU DR AGOYER MARTINEAU;4B RUE VICTOR HUGO;None;44400 REZE
TELLIEZ STEPHANE;None;SCP PRENAUD JOUDON BEUNARD TELLIEZ;29 RUE JULIEN MARCHAIS;None;44400 REZE
FRANCHISET MARIE;None;CABINET DU DR FRANCHISET;41 RUE ALSACE LORRAINE;None;44400 REZE
SAFFARZADEH KERMANI AFCHINE;None;CABINET DU DR SAFFARZADEH;38 BOULEVARD JEAN MONNET;None;44400 REZE
PABOEUF ANNE CHARLOTTE;None;CABINET DU DR PABOEUF;58B RUE ARISTIDE BRIAND;None;44400 REZE
CENTRE DE SOINS DENTAIRES MUTUALISTE;None;CENTRE DE SOINS DENTAIRES MUTUALISTE;19 RUE LOUISE MICHEL;None;44400 REZE
LEFEVRE BENEDICTE;None;CABINET DU DR LEFEVRE;38 BOULEVARD JEAN MONNET;None;44400 REZE
OLIVIER CHRISTIAN;None;CABINET DU DR OLIVIER;68 RUE DE LA COMMUNE DE 1871;None;44400 REZE
MAESTRIPIERI CAROLE;None;CABINET DU DR MAESTRIPIERI;9 RUE DE LA CHESNAIE;None;44400 REZE
SAVALLE PIERRE JEAN;None;CABINET DU DR BRESSOLLETTE;23 RUE ARISTIDE BRIAND;None;44400 REZE
GUIBOURGE FLORE;None;CABINET DU DR AGOYER MARTINEAU;4B RUE VICTOR HUGO;None;44400 REZE
CHANGEY REMI;None;CABINET DU DR CHANGEY;38 BOULEVARD JEAN MONNET;None;44400 REZE
DERAME THOMAS;None;CABINET DU DR DERAME;58B RUE ARISTIDE BRIAND;None;44400 REZE
BOEDEC ANNE;None;CABINET DU DR BOEDEC;38 BOULEVARD JEAN MONNET;None;44400 REZE
LAMBERT TREIL CAROLINE;None;SELARL CABINET DU DOCTEUR BELBEOC H;23 RUE ARISTIDE BRIAND;None;44400 REZE
DEFONTAINE HELENE;None;CABINET DU DR DANIOUX;ZA DU MOTTAY;None;44640 ROUANS
DANIOUX FREDERIC;LE PELLERIN;CABINET DU DR DANIOUX;ZONE D ACTIVITE DU MOTTAY;None;44640 ROUANS
BRUDY DIDIER;None;CABINET DU DR BRUDY;3 AVENUE DU CHATEAU;None;44390 SAFFRE
BRUDY RAVON MARIE LAURE;None;CABINET DU DR BRUDY RAVON;3 AVENUE DU CHATEAU;None;44390 SAFFRE
LESSEAU CELINE;None;CABINET DU DR FROMENT;30 RUE DE LA VALLEE;None;44880 SAUTRON
LESSEAU CELINE;None;CABINET DU DR BERTHOU;30 RUE DE LA VALLEE;None;44880 SAUTRON
ROBERT MATHIEU;None;SELARL DR MATHIEU ROBERT;13 RUE DU CENS;None;44880 SAUTRON
GILARD HEYLEN MARIE;None;CABINET DU DR GILARD HEYLEN;120 RUE DE BRETAGNE;None;44880 SAUTRON
BERTHOU SOPHIE;None;CABINET DU DR BERTHOU;30 RUE DE LA VALLEE;None;44880 SAUTRON
FROMENT ANTOINE;None;CABINET DU DR FROMENT;30 RUE DE LA VALLEE;None;44880 SAUTRON
BARBET SYLVAIN;None;CABINET DU DR GILARD HEYLEN;120 RUE DE BRETAGNE;None;44880 SAUTRON
CHEVANNE THOMAS;None;SELARL DU DR THOMAS CHEVANNE;13 RUE DU CENS;None;44880 SAUTRON
BERSANI MAXIME;None;SELARL BERSANI PAYANT;28 RUE JOSEPH MALEGUE;None;44260 SAVENAY
PAYANT ERWAN;None;SELARL BERSANI PAYANT;28 RUE JOSEPH MALEGUE;None;44260 SAVENAY
NEVEU AMANDINE;None;SELARL BERSANI PAYANT;28 RUE JOSEPH MALEGUE;None;44260 SAVENAY
DENIAUD JACQUES;SELARL DU DR DENIAUD;SELARL DE CD DU DR DENIAUD JACQUES;12 RUE DE L EGLISE;None;44260 SAVENAY
MERCADO VASQUEZ ANTOINE;None;CABINET DU DR HAGE;9 ALLEE DES BOIS;None;44860 ST AIGNAN DE GRAND LIEU
HAGE CELINE;None;CABINET DU DR HAGE;9 ALLEE DES BOIS;None;44860 ST AIGNAN GRANDLIEU
LORIDAN JEAN FRANCOIS;None;CABINET DU DR LORIDAN;12 RUE DE LA GAUDINAIS;None;44117 ST ANDRE DES EAUX
LELIEVRE CELINE;None;CABINET DU DR GABORIT;12 RUE DE LA GAUDINAIS;None;44117 ST ANDRE DES EAUX
PERROT ERIK;None;SELARL DU DR PERROT ERIK;12 RUE DE LA GAUDINAIS;None;44117 ST ANDRE DES EAUX
MEROT CLAIRE;None;CABINET DU DR MEROT;12 RUE DE LA GAUDINAIS;None;44117 ST ANDRE DES EAUX
LELIEVRE CELINE;None;CABINET DU DR LORIDAN;12 RUE DE LA GAUDINAIS;None;44117 ST ANDRE DES EAUX
GABORIT MATTHIEU;None;CABINET DU DR GABORIT;12 RUE DE LA GAUDINAIS;None;44117 ST ANDRE DES EAUX
MARQUES ALEXANDRE;None;CABINET DU DR TOURRES;ROUTE DE LA GENDARMERIE;None;44250 ST BREVIN LES PINS
SOULARD NADINE;SCM TOUPIDENTAIRE;CABINET DU DR SOULARD;ROUTE DE LA GENDARMERIE;None;44250 ST BREVIN LES PINS
HUET ISABELLE;None;SELARL BEIJA FLOR;50 AVENUE DES FRERES LUMIERE;None;44250 ST BREVIN LES PINS
MARQUES ALEXANDRE;None;CABINET DU DR PILON;1 ROUTE DE LA GENDARMERIE;None;44250 ST BREVIN LES PINS
MARQUES ALEXANDRE;None;CABINET DU DR SOULARD;ROUTE DE LA GENDARMERIE;None;44250 ST BREVIN LES PINS
LIEVRE JUSTINE;None;CABINET DU DR LIEVRE;AVENUE DES FRERES LUMIERE;None;44250 ST BREVIN LES PINS
FRANCOIS VIRGINIE;None;CABINET DU DR FRANCOIS;52 AVENUE DU PRESIDENT ROOSEVELT;None;44250 ST BREVIN LES PINS
LE ROUZIC HELIAS MARIE PAULE;None;CAB DU DR LE ROUZIC HELIAS;AVENUE DES FRERES LUMIERE;None;44250 ST BREVIN LES PINS
BRULE ANNE SOLENE;None;CABINET DU DR BRULE;AVENUE DES FRERES LUMIERES;None;44250 ST BREVIN LES PINS
PILON NICOLAS;None;CABINET DU DR PILON;ROUTE DE LA GENDARMERIE;None;44250 ST BREVIN LES PINS
CHVABO CATHERINE;None;CABINET DU DR CHVABO;270 AVENUE DE MINDIN;None;44250 ST BREVIN LES PINS
TOURRES FRANCOIS XAVIER;None;CABINET DU DR TOURRES;ROUTE DE LA GENDARMERIE;None;44250 ST BREVIN LES PINS
MANGEL MATHILDE;None;CABINET DU DR LIEVRE;22 AVENUE DES FRERES LUMIERE;None;44250 ST BREVIN LES PINS
REGNARD CHLOE;None;SELARL SEL SPIX;5 BOULEVARD DE VERDUN;None;44360 ST ETIENNE DE MONTLUC
MAHE JOSEPHINE;CENTRE DE SANTE DENTAIRE;CABINET DR MAHE;5 BOULEVARD DE VERDUN;None;44360 ST ETIENNE DE MONTLUC
LEROUX THOMAS;None;SELARL DR LEROUX THOMAS;6 COURS D ARMOR;None;44360 ST ETIENNE DE MONTLUC
BOUCHOT GUILLAUME;None;SELARL BOUCHOT;6 COURS D ARMOR;None;44360 ST ETIENNE DE MONTLUC
REGNARD CHLOE;None;CABINET DU DR MAHE;5 BOULEVARD DE VERDUN;None;44360 ST ETIENNE DE MONTLUC
BAROTH SERGE;None;SELARL DU DR BAROTH;6 COURS D ARMOR;None;44360 ST ETIENNE DE MONTLUC
FOUCHET AURELIE;None;SELARL SEL SPIX;5 BOULEVARD DE VERDUN;None;44360 ST ETIENNE DE MONTLUC
RIBAULT BENJAMIN;None;CABINET DU DR RIBAULT;20 ROUTE DE PONTCHATEAU;None;44530 ST GILDAS DES BOIS
DE FERRY GAUTHIER ALEXIA;None;CABINET DU DR DE FERRY GAUTHIER;22 RUE DES MERISIERS;None;44800 ST HERBLAIN
ROUSSELY OMBELINE;None;CABINET DU DR TISSERAND;4 AVENUE DU PARNASSE;None;44800 ST HERBLAIN
ALLIOT GILLES;None;CABINET DU DR ALLIOT;22 RUE DES MERISIERS;None;44800 ST HERBLAIN
SAIDI FAISAL;None;SELARL CHURCHILL;19 BOULEVARD WINSTON CHURCHILL;None;44800 ST HERBLAIN
BERRY PIERRE ALEXANDR;None;CABINET DU DR BERRY;3 CHEMIN DES PAVILLONS;None;44800 ST HERBLAIN
ARRIGONI DRAPEAU CATHERINE;None;SELARL CARDENTO;94 BOULEVARD DU MASSACRE;None;44800 ST HERBLAIN
TASSET YANN;None;CABINET DU DR TASSET;4 AVENUE DU PARNASSE;None;44800 ST HERBLAIN
BOMAHOU ESTHER;None;CABINET DU DR BOMAHOU;1 ALLEE BUISSONNIERE;None;44800 ST HERBLAIN
CAO XUAN HUONG;None;CABINET DU DR CAO;1 ALLEE BUISSONNIERE;None;44800 ST HERBLAIN
CHAUVET REGINE;None;CABINET DU DR CHAUVET;37 RUE DE LA GARE;None;44800 ST HERBLAIN
PEREIRA TIAGO;None;CABINET DU DR DE FERRY GAUTHIER;22 RUE DES MERISIERS;None;44800 ST HERBLAIN
ALLIOT LEFORT CATHERINE;None;CABINET DU DR ALLIOT LEFORT;22 RUE DES MERISIERS;None;44800 ST HERBLAIN
GIRAUD MARIE;None;CABINET DU DR GIRAUD;90 RUE DU DOCTEUR BOUBEE;None;44800 ST HERBLAIN
COIRIER FRANCOIS;None;CABINET DU DR COIRIER;90 RUE DU DOCTEUR BOUBEE;None;44800 ST HERBLAIN
CENTRE DE SOINS DENTAIRES MUTUALISTE;None;CENTRE DE SOINS DENTAIRES MUTUALISTE;6 RUE SAINT SERVAN;None;44800 ST HERBLAIN
SERRE EUGENIE;None;CABINET DU DR ALLIOT LEFORT;22 RUE DES MERISIERS;None;44800 ST HERBLAIN
GOUDET YANNICK;None;CABINET DU DR GOUDET;5 RUE DE ST NAZAIRE;None;44800 ST HERBLAIN
JULIEN EMILIE;None;SELARL CARDENTO;94 BOULEVARD DU MASSACRE;None;44800 ST HERBLAIN
LE ROY AUDE;None;CABINET DU DR GIRAUD;90 RUE DU DOCTEUR BOUBEE;None;44800 ST HERBLAIN
CARNOT LAURENT;None;SELARL CARDENTO;94 BOULEVARD DU MASSACRE;None;44800 ST HERBLAIN
BRAY ESTELLE;None;CABINET DU DR BRAY;6B RUE DE L EGALITE;None;44640 ST JEAN DE BOISEAU
EVRARD LUCAS;None;CABINET DU DR BRAY;6B RUE DE L EGALITE;None;44640 ST JEAN DE BOISEAU
PERRIER BENOIT;None;CABINET DU DR PERRIER;6B RUE DE L EGALITE;None;44640 ST JEAN DE BOISEAU
SARKISSIAN LOUIS EMMANUEL;None;CABINET DU DR PERRIER;6B RUE DE L EGALITE;None;44640 ST JEAN DE BOISEAU
LERAT DIDIER;None;CABINET DU DR LERAT;116B RUE JOLIOT CURIE;None;44720 ST JOACHIM
PETROU DANA;None;CABINET DU DR PETROU;6 RUE DES HEURTHAUDS;None;44450 ST JULIEN DE CONCELLES
PEZIER AURORE;None;SELARL AURORE;4 RUE DE LA SALMONIERE;None;44450 ST JULIEN DE CONCELLES
CHIGOT FREDERIQUE;None;CABINET DU DR CHIGOT;2A RUE MARC SEGUIN;None;44450 ST JULIEN DE CONCELLES
SOTO PIERRE;None;CABINET DU DR SOTO;7 RUE DE BRETAGNE;None;44410 ST LYPHARD
HUCHET MORGAN;None;CABINET DR HUCHET;7 RUE DE BRETAGNE;None;44410 ST LYPHARD
LEGAY SIMON;MONTOIR DE BRETAGNE;CABINET DU DR LEGAY;77 RUE EMILE ZOLA;None;44550 ST MALO DE GUERSAC
BINET TRAINEAU CLAIRE;None;SELARL CLAIRE BINET;2 IMPASSE CADUCEE;None;44680 ST MARS DE COUTAIS
TOUTAIN ISOLDE;SCM MIRA;CABINET DU DR TOUTAIN;8 RUE DE LA MAIRIE;None;44850 ST MARS DU DESERT
NIESCIEREWICZ RENAUD;None;SELARL NIESCIEREWICZ;8 RUE DE LA MAIRIE;None;44850 ST MARS DU DESERT
NIESCIEREWICZ MARIE;None;SELARL NIESCIEREWICZ;8 RUE DE LA MAIRIE;None;44850 ST MARS DU DESERT
FORT ANTOINE;SCM MIRA;CABINET DU DR FORT;8 RUE DE LA MAIRIE;None;44850 ST MARS DU DESERT
SCHOTT FLORE;None;CABINET DU DR SCHOTT;28B AVENUE DE COSSE BRISSAC;None;44540 ST MARS LA JAILLE
PERRAUD MARTIN;None;SELARL ODENT;44 AVENUE ERNEST CHEVRIER;None;44730 ST MICHEL CHEF CHEF
GUION DE MERITENS CONSTANCE;None;CABINET DU DR GUION DE MERITENS;44 AVENUE ERNEST CHEVRIER;None;44730 ST MICHEL CHEF CHEF
CAILLAUD CHAUVEAU MARIE ODILE;None;CABINET DU DR CAILLAUD CHAUVEAU;44 AVENUE ERNEST CHEVRIER;None;44730 ST MICHEL CHEF CHEF
BIEWER ULRICH;None;SELAS DU DR ULRICH BIEWER;26 RUE DE LA DUCHESSE ANNE;None;44350 ST MOLF
MOISAN LOUISE;None;CABINET DU DR LERICHE;26 RUE DE LA DUCHESSE ANNE;None;44350 ST MOLF
LERICHE THIERRY;None;SELAS DU DR THIERRY LERICHE;26 RUE DE LA DUCHESSE ANNE;None;44350 ST MOLF
MOISAN LOUISE;None;CABINET DU DR BIEWER;26 RUE DE LA DUCHESSE ANNE;None;44350 ST MOLF
CENTRE DE SOINS DENTAIRES MUTUALISTE;RESIDENCE LE FLORIDE;CENTRE DE SOINS DENTAIRES MUTUALISTE;11 AVENUE HENRI GAUTIER;None;44600 ST NAZAIRE
VITTET CREPIN SOPHIE;None;TREMOUREUX ARNAUD;42 BOULEVARD DE L UNIVERSITE;None;44600 ST NAZAIRE
FERNANDEZ JOSEPHINE;None;CABINET DU DR CHAUVET;47 AVENUE FRANCOIS MITTERRAND;None;44600 ST NAZAIRE
SOUDRAIN JEAN MICHEL;None;CABINET DU DR SOUDRAIN;5 RUE MENDES FRANCE;None;44600 ST NAZAIRE
ROY JEROME;None;CABINET DU DR ROY;8 AVENUE LEON BLUM;None;44600 ST NAZAIRE
MOVASSAGHI FARANACK;None;CABINET DU DR DIAZ;20 RUE ANTOINE PARMENTIER;None;44600 ST NAZAIRE
BRAY CHAUSSEE FRANCOISE;None;CABINET DU DR BRAY;7 RUE VOLTAIRE;None;44600 ST NAZAIRE
VERGER PASCAL;LE CARRE PYTHEAS;CABINET DENTAIRE;1 ALLEE ROMY SCHNEIDER;None;44600 ST NAZAIRE
BOURGUET AZELIE;None;SELARL QUINTALLET;9 ROUTE DU FORT DE L EVE;None;44600 ST NAZAIRE
LUCAS SOTO MARION;None;CABINET DU DR LUCAS SOTO;56 AVENUE ALBERT DE MUN;None;44600 ST NAZAIRE
PLAUD THEBAULT KARINE;None;APOLLINE ATLANTIQUE;52 RUE DU MAINE;None;44600 ST NAZAIRE
MACON CLAIRE;None;SELARL CLAIRE MACON;12 RUE GABRIEL FAURE;None;44600 ST NAZAIRE
CURTI FRANCOIS;None;SELARL FK DENTAIRE;3 ROUTE DES FRECHETS;None;44600 ST NAZAIRE
DIAZ ERIC;None;CABINET DU DR DIAZ;20 RUE PARMENTIER;None;44600 ST NAZAIRE
QUINTALLET OLIVIER;None;SELARL QUINTALLET;9 ROUTE DU FORT DE L'EVE;None;44600 ST NAZAIRE
BEZU HERVE;None;CABINET DENTAIRE;8 RUE ETIENNE JODELLE;None;44600 ST NAZAIRE
BOURGUET AZELIE;None;CABINET DU DR SCUOCH CAPITAINE;9 ROUTE DU FORT DE L EVE;None;44600 ST NAZAIRE
SCUOCH CAPITAINE MATHILDE;9 ROUTE DU FORT DE L EVE;CABINET DU DR SCUOCH CAPITAINE;ST MARC SUR MER;None;44600 ST NAZAIRE
THEBAUD DAVID HELENE;None;SELARL THEBAUD DAVID;19 RUE DE LA FLORIDE;None;44600 ST NAZAIRE
MARIE D AVIGNEAU THIBAUD;None;SELARL COACH;20 RUE ANTOINE PARMENTIER;None;44600 ST NAZAIRE
KAZARA BASSEM;None;CAB DU DR KAZARA;6 IMPASSE DE L ILIADE;None;44320 ST PERE EN RETZ
KAZARA MADUREL NADEGE;None;CAB DU DR KAZARA MADUREL;6 IMPASSE DE L ILIADE;None;44320 ST PERE EN RETZ
CHAMBERLAND JULIE;None;CABINET DU DR HOOGSTOEL;10 RUE DE PLAISANCE;None;44310 ST PHILBERT DE GRAND LIEU
HOOGSTOEL FREDERIC;None;CABINET DR HOOGSTOEL;10 RUE DE PLAISANCE;None;44310 ST PHILBERT DE GRAND LIEU
MARTIN ERWAN;None;CABINET DU DR MARTIN;10 RUE DE PLAISANCE;None;44310 ST PHILBERT DE GRAND LIEU
CHAMBERLAND JULIE;None;CABINET DU DR TOURON;10 RUE DE PLAISANCE;None;44310 ST PHILBERT DE GRAND LIEU
CHIRAT JESSICA;None;CABINET DU DR CHIRAT;7B ROUTE DE SAINT COLOMBAN;None;44310 ST PHILBERT DE GRANDLIEU
BELAZRAGUE YASSIN;None;CABINET DU DR BELAZRAGUE;5 ROUTE DE SAINT COLOMBAN;None;44310 ST PHILBERT DE GRANDLIEU
LEROUX THIBAULT;None;CABINET DU DR ROFFE;41 RUE MAURICE DANIEL;None;44230 ST SEBASTIEN SUR LOIRE
ROFFE CLAIRE;None;CABINET DU DR ROFFE;41 RUE MAURICE DANIEL;None;44230 ST SEBASTIEN SUR LOIRE
LICHT BRUNO;VILLA DONOSTIA;CABINET DU DR LICHT;1 RUE DE LA CHESNAYE;None;44230 ST SEBASTIEN SUR LOIRE
HEMMING CECILE;None;CABINET DU DR MASSE RIO;1 RUE DE L OUCHE COLIN;None;44230 ST SEBASTIEN SUR LOIRE
MASSE CHANTAL;None;CABINET DU DR MASSE RIO;1 RUE DE L OUCHE COLIN;None;44230 ST SEBASTIEN SUR LOIRE
EHANNO CHRISTOPHE;None;CABINET DU DR EHANNO;133 ROUTE DE CLISSON;None;44230 ST SEBASTIEN SUR LOIRE
OLAR ILEANA NASTASIA;None;CABINET DU DR OLAR;14 RUE JEAN BAPTISTE ROBERT;None;44230 ST SEBASTIEN SUR LOIRE
CHAUVEL DENIS;None;SELARL DR DENIS CHAUVEL;133 ROUTE DE CLISSON;None;44230 ST SEBASTIEN SUR LOIRE
BALEY CAROLINE;None;CABINET DU DR BALEY;41 RUE MAURICE DANIEL;None;44230 ST SEBASTIEN SUR LOIRE
HEMMING CECILE;None;SELARL MARIE BON;1 RUE DE L OUCHE COLIN;None;44230 ST SEBASTIEN SUR LOIRE
CHATAIGNER HERVE;None;CABINET DU DR CHATAIGNER;147 RUE DES DEPORTES;None;44230 ST SEBASTIEN SUR LOIRE
COUFFIN ROZENN;None;CABINET DU DR COUFFIN;147 RUE DES DEPORTES;None;44230 ST SEBASTIEN SUR LOIRE
DEVYS TROMAS SYLVIE;None;SELARL DE CHIR DENT DU DOCTEUR DEVYS;41 RUE MAURICE DANIEL;None;44230 ST SEBASTIEN SUR LOIRE
LE GLOAHEC HERVE;None;SELARL LE GLOAHEC;147 RUE DES DEPORTES;None;44230 ST SEBASTIEN SUR LOIRE
CHEREL JULES;VILLA DONOSTIA;CABINET DU DR FRANCOIS;1 RUE DE LA CHESNAYE;None;44230 ST SEBASTIEN SUR LOIRE
LIOTTIER CLEMENCE;None;CABINET DU DR LIOTTIER;147 RUE DES DEPORTES;None;44230 ST SEBASTIEN SUR LOIRE
DAHAN EMILIEN;None;SELARL DE CHIRURGIEN DENTISTE DAHAN;11 RUE DU GENERAL DUEZ;None;44230 ST SEBASTIEN SUR LOIRE
RANDRIANARISON ANDRY;None;CABINET DU DR RANDRIANARISON;147 RUE DES DEPORTES;None;44230 ST SEBASTIEN SUR LOIRE
HOGMARD MARINE;None;SELARL DE CHIRURGIEN DENTISTE DAHAN;11 RUE DU GENERAL DUEZ;None;44230 ST SEBASTIEN SUR LOIRE
LECUONA TISSIER AURELIE;QUARTIER DE LA MARTELLIER;CABINET DU DR LECUONA TISSIER;1 RUE DE L OUCHE COLIN;None;44230 ST SEBASTIEN SUR LOIRE
LEBERT ARNAUD;None;CABINET DU DR LEBERT;11B RUE DU PARC DES SPORTS;None;44320 ST VIAUD
OLIVIER MARIE AMELIE;None;SELARL OLIVIER MARIE AMELIE;11B RUE DU PARC DES SPORTS;None;44320 ST VIAUD
KOVACS ADINA;None;SELARL KOVACS ADINA;35 PLACE DU COMMERCE;None;44160 STE ANNE SUR BRIVET
RADENAC OLLIVIER DELPHINE;None;CABINET DU DR RADENAC OLLIVIER;39 RUE LOUIS GAUDIN;None;44980 STE LUCE SUR LOIRE
DAUTY LAURA;None;CABINET DU DR D HEILLY;6 RUE DE LA LOIRE;None;44980 STE LUCE SUR LOIRE
GEFFRIAUD VALENTINE;EPFC RADENAC GEFFRIAUD;CABINET DU DR GEFFRIAUD;39 RUE LOUIS GAUDIN;None;44980 STE LUCE SUR LOIRE
POIRIER NADIA;SCM ZOE CABINET DENTAIRE;CABINET DU DR BARTHELEMY POIRIER;3 RUE DE LA PLANCHONNAIS;None;44980 STE LUCE SUR LOIRE
SAUVEE ANAIS;LES ZYGOMATIQUES;CABINET DU DR SAUVEE;6 RUE DE LA LOIRE;None;44980 STE LUCE SUR LOIRE
DAUTY LAURA;None;CABINET DU DR SAUVEE;6 RUE DE LA LOIRE;None;44980 STE LUCE SUR LOIRE
D HEILLY ISABELLE;LES ZYGOMATIQUES;CABINET DU DR D HEILLY;6 RUE DE LA LOIRE;None;44980 STE LUCE SUR LOIRE
LEGER CORINNE;None;CABINET DU DR LEGER;3 RUE DE LA PLANCHONNAIS;None;44980 STE LUCE SUR LOIRE
CHEVALIER ELISABETH;7 AVENUE DE LA SOURCE;CABINET DU DR CHEVALIER;LOT. PRE DE LA FONTAINE;None;44680 STE PAZANNE
FREUCHET ERWAN;None;ELEGANCE;19 RUE DE L'AUDITOIRE;None;44680 STE PAZANNE
DELHUMEAU SOPHIE;None;CABINET DU DR DELHUMEAU;19 RUE DE L'AUDITOIRE;None;44680 STE PAZANNE
JAHOO FRANCOIS;None;SELARL DOCTEUR LE DREVO;2 RUE DES NOUIES;None;44680 STE PAZANNE
OUVRARD PIERRE;SCM DENT R;CABINET DU DR OUVRARD;19 RUE DE L AUDITOIRE;None;44680 STE PAZANNE
HAMZA AMEL;None;CABINET DU DR DELHUMEAU;19 RUE DE L AUDITOIRE;None;44680 STE PAZANNE
BERLAND BENJAMIN;None;CABINET DU DR CHEVALIER;7 AVENUE DE LA SOURCE;None;44680 STE PAZANNE
MIRGON JULIETTE;None;CABINET DU DR OUVRARD;19 RUE DE L AUDITOIRE;None;44680 STE PAZANNE
GRZELINSKI LOIC;None;SELARL ELEGANCE;19 RUE DE L AUDITOIRE;None;44680 STE PAZANNE
LE DREVO ANNABEL;None;SELARL DOCTEUR LE DREVO;2 RUE DES NOUIES;None;44680 STE PAZANNE
PEDRON CHRISTOPHE;PONTCHATEAU;CABINET DU DR PEDRON;10 RUE RENE GUY CADOU;None;44160 STE REINE DE BRETAGNE
BUSSON JEAN MICHEL;None;CABINET DENTAIRE;126 PLACE CHARLES DE GAULLE;None;44240 SUCE SUR ERDRE
COUTURIER CELINE;None;CABINET DU DR COUTURIER;126 PLACE CHARLES DE GAULLE;None;44240 SUCE SUR ERDRE
JACQUET BORIS;None;CABINET DU DR JACQUET;269 RUE DESCARTES;None;44240 SUCE SUR ERDRE
FOUCHET RONAN;None;CABINET DU DR FOUCHET;269 RUE DESCARTES;None;44240 SUCE SUR ERDRE
GRELOUX ANTOINE;None;CABINET DU DR GRELOUX;13 RUE DE NANTES;None;44470 THOUARE SUR LOIRE
FLAU YANN;None;CABINET DU DR FLAU;11 RUE DE NANTES;None;44470 THOUARE SUR LOIRE
KOESTEL MARINE;None;CABINET DU DR CARBALLO;21 RUE DE MAUVES;None;44470 THOUARE SUR LOIRE
MOUAFO TAMBO CLAUDE;None;SELARL DR MOUAFO ET ASSOCIES;21 RUE DE MAUVES;None;44470 THOUARE SUR LOIRE
ALTHUIZIUS MATHILDE;None;CABINET DU DR ALTHUIZIUS;13 RUE DE NANTES;None;44470 THOUARE SUR LOIRE
NOULET JULIE;None;SELARL DR MOUAFO ET ASSOCIES;21 RUE DE MAUVES;None;44470 THOUARE SUR LOIRE
CARBALLO ALICE;None;CABINET DU DR CARBALLO;21 RUE DE MAUVES;None;44470 THOUARE SUR LOIRE
MARTINEAU FRANCOIS;None;SELARL DR MOUAFO ET ASSOCIES;21 RUE DE MAUVES;None;44470 THOUARE SUR LOIRE
CARADEC MAXIME;None;DR MAXIME CARADEC;1 RUE NICOLAS BOILEAU;None;44119 TREILLIERES
ALLEREAU BEATRICE;None;SELARL OEG;34 RUE ETIENNE SEBERT;None;44119 TREILLIERES
THIBAUDEAU SOLENE;None;DR VINCENT HUBLOT;1 RUE NICOLAS BOILEAU;None;44119 TREILLIERES
HUBLOT VINCENT;None;SELARL DR VINCENT HUBLOT;1 RUE NICOLAS BOILEAU;None;44119 TREILLIERES
THIBAUDEAU SOLENE;None;DR NICOLAS NOURRY;1 RUE NICOLAS BOILEAU;None;44119 TREILLIERES
THIBAUDEAU SOLENE;None;DR MAXIME CARADEC;1 RUE NICOLAS BOILEAU;None;44119 TREILLIERES
NOURRY NICOLAS;None;SELARL DR NICOLAS NOURRY;1 RUE NICOLAS BOILEAU;None;44119 TREILLIERES
RICHARD STEPHANE;CERTE DENT;CABINET DU DR RICHARD;8B RUE MARIE THERESE EYQUEM;None;44570 TRIGNAC
LE MOROUX BRUNO;None;CABINET DU DR LE MOROUX;2 RUE CURIE;None;44570 TRIGNAC
PERSONNE BAPTISTE;None;CABINET DU DR RICHARD;8B RUE MARIE THERESE EYQUEM;None;44570 TRIGNAC
BEAUJOLIN FABRICE;None;CABINET DU DR BEAUJOLIN;13 PLACE DULANLOY;None;44330 VALLET
LE GAL CHRISTELLE;None;CABINET DU DR LE GAL;19T RUE DES BOURGUIGNONS;None;44330 VALLET
TANNIOU GERARD;None;CABINET DENTAIRE;23 RUE DES FORGES;None;44330 VALLET
TROCHU QUENTIN;None;CABINET DU DR TROCHU;12B RUE FRANCOIS LUNEAU;None;44330 VALLET
PELLETIER BRIGITTE;None;CABINET DU DR PELLETIER;41 ROUTE DE CLISSON;None;44330 VALLET
MARAND ROMAIN;None;CABINET DU DR TROCHU;12B RUE FRANCOIS LUNEAU;None;44330 VALLET
FOUCHER EMMANUELLE;28B AVENUE DE COSSE BRISSAC;CABINET DU DR FOUCHER;ST MARS LA JAILLE;None;44540 VALLONS DE L ERDRE
GIUMELLI AGNES;None;CABINET DU DR GIUMELLI;115 ROUTE DE LA GARE;None;44120 VERTOU
ZERAPHA VOLONDAT ANNE;None;None;71 RUE DU GENERAL DE GAULLE;None;44120 VERTOU
BENECH CHRISTELLE;None;CABINET DENTAIRE METROPOLIS;3 IMPASSE DE LA GARE;None;44120 VERTOU
GUERIN KEVIN;None;CABINET DU DR GUERIN;115 ROUTE DE LA GARE;None;44120 VERTOU
CHIEM MARY ANNE LAURE;None;SELARL CHIEM MARY;71 RUE DU GENERAL DE GAULLE;None;44120 VERTOU
LANDOIS JEAN CHARLES;None;CABINET DU DR LANDOIS;75 ROUTE DE LA FONTENELLE;None;44120 VERTOU
CAPDEVILLE GWENAELLE;None;CABINET DU DR CAPDEVILLE;115 ROUTE DE LA GARE;None;44120 VERTOU
JAN NICOLAS;None;CABINET DU DR JAN;4 RUE LOUIS BONNIGAL;None;44120 VERTOU
DELESTRE BERTRAND;None;CABINET DU DR DELESTRE;75 ROUTE DE LA FONTENELLE;None;44120 VERTOU
NGUYEN THANH SON;CAB DENTAIRE METROPOLIS;CABINET DENTAIRE METROPOLIS;3 IMPASSE DE LA GARE;None;44120 VERTOU
CAPDEVILLE PHILIPPE;None;CABINET DU DR CAPDEVILLE;115 ROUTE DE LA GARE;None;44120 VERTOU
NAUD PIERRE OLIVIER;None;CABINET DU DR NAUD;6 PLACE DU BEAU VERGER;None;44120 VERTOU
LEBORGNE HELENE;None;CABINET DU DR LEBORGNE;6 PLACE DU BEAU VERGER;None;44120 VERTOU
STARRSJO CHARLOTTE;None;SELARL DOCTEUR LASCOMBES NIVET;2 RUE DU 8 MAI 1945;None;44120 VERTOU
PAVAGEAU CORINNE;None;CABINET DU DR PAVAGEAU;38 RUE DU QUARTERON;None;44116 VIEILLEVIGNE
JOMEAU LE BOURHIS NATHALIE;None;CABINET DU DR JOMEAU LE BOURHIS;38 RUE DU QUARTERON;None;44116 VIEILLEVIGNE
CONTE JEAN FRANCOIS;None;CABINET DU DR MALARD;8 BOULEVARD CHARLES DE GAULLE;None;44360 VIGNEUX DE BRETAGNE
BUGEL EMMA;None;CABINET DU DR CONTE;8 BOULEVARD CHARLES DE GAULLE;None;44360 VIGNEUX DE BRETAGNE
GUERRY OLIVIA;None;CABINET DU DR GUERRY;8 BOULEVARD CHARLES DE GAULLE;None;44360 VIGNEUX DE BRETAGNE
BUGEL EMMA;None;CABINET DU DR GUERRY;8 BOULEVARD CHARLES DE GAULLE;None;44360 VIGNEUX DE BRETAGNE
FOURNEL ALEXANDRA;None;CABINET DU DR FOURNEL;37B RUE DU PETIT PRINCE;None;44360 VIGNEUX DE BRETAGNE
GUERRY FLAVIA;None;CABINET DU DR GUERRY;8 BOULEVARD CHARLES DE GAULLE;None;44360 VIGNEUX DE BRETAGNE
BUGEL EMMA;None;CABINET DU DR GUERRY;8 BOULEVARD CHARLES DE GAULLE;None;44360 VIGNEUX DE BRETAGNE
GUIBOUIN CECILIA;None;CABINET DU DR GUIBOUIN;1 IMPASSE DU HARAS;None;44640 VUE
MORAU GERALDINE;None;CABINET DU DR MORAU;1 IMPASSE DU HARAS;None;44640 VUE
