CODREG;REG;CODDEP;CODARR;CODCAN;CODCOM;COM;PMUN;PCAP;PTOT
52;Pays de la Loire;44;5;8;1;Abbaretz;2067;40;2107
52;Pays de la Loire;44;2;7;2;Aigrefeuille-sur-Maine;4014;138;4152
52;Pays de la Loire;44;5;1;3;Ancenis-Saint-Géréon;11037;398;11435
52;Pays de la Loire;44;3;89;5;Chaumes-en-Retz;6895;106;7001
52;Pays de la Loire;44;3;9;6;Assérac;1847;42;1889
52;Pays de la Loire;44;5;19;7;Avessac;2458;55;2513
52;Pays de la Loire;44;2;29;9;Basse-Goulaine;9136;241;9377
52;Pays de la Loire;44;3;2;10;Batz-sur-Mer;2824;72;2896
52;Pays de la Loire;44;3;20;12;La Bernerie-en-Retz;3049;44;3093
52;Pays de la Loire;44;3;27;13;Besné;3183;41;3224
52;Pays de la Loire;44;2;28;14;Le Bignon;3907;71;3978
52;Pays de la Loire;44;5;3;15;Blain;9954;174;10128
52;Pays de la Loire;44;2;30;16;La Boissière-du-Doré;1054;18;1072
52;Pays de la Loire;44;2;21;18;Bouaye;8008;139;8147
52;Pays de la Loire;44;3;3;19;Bouée;1019;14;1033
52;Pays de la Loire;44;2;21;20;Bouguenais;19903;305;20208
52;Pays de la Loire;44;3;10;21;Villeneuve-en-Retz;4962;88;5050
52;Pays de la Loire;44;2;7;22;Boussay;2682;49;2731
52;Pays de la Loire;44;5;3;23;Bouvron;3068;45;3113
52;Pays de la Loire;44;2;21;24;Brains;2849;59;2908
52;Pays de la Loire;44;3;3;25;Campbon;3959;67;4026
52;Pays de la Loire;44;2;4;26;Carquefou;20365;466;20831
52;Pays de la Loire;44;5;18;27;Casson;2421;28;2449
52;Pays de la Loire;44;5;18;28;Le Cellier;3974;106;4080
52;Pays de la Loire;44;2;30;29;Divatte-sur-Loire;6975;122;7097
52;Pays de la Loire;44;3;9;30;La Chapelle-des-Marais;4338;91;4429
52;Pays de la Loire;44;5;6;31;La Chapelle-Glain;798;8;806
52;Pays de la Loire;44;2;30;32;La Chapelle-Heulin;3357;49;3406
52;Pays de la Loire;44;3;3;33;La Chapelle-Launay;3145;45;3190
52;Pays de la Loire;44;2;5;35;La Chapelle-sur-Erdre;19551;406;19957
52;Pays de la Loire;44;5;6;36;Châteaubriant;12031;497;12528
52;Pays de la Loire;44;2;31;37;Château-Thébaud;3164;175;3339
52;Pays de la Loire;44;3;20;38;Chauvé;2930;46;2976
52;Pays de la Loire;44;2;10;39;Cheix-en-Retz;1120;8;1128
52;Pays de la Loire;44;2;28;41;La Chevrolière;5782;88;5870
52;Pays de la Loire;44;2;7;43;Clisson;7435;241;7676
52;Pays de la Loire;44;5;8;44;Conquereuil;1095;28;1123
52;Pays de la Loire;44;2;3;45;Cordemais;3754;47;3801
52;Pays de la Loire;44;3;23;46;Corsept;2640;55;2695
52;Pays de la Loire;44;2;24;47;Couëron;22309;275;22584
52;Pays de la Loire;44;5;1;48;Couffé;2548;51;2599
52;Pays de la Loire;44;3;2;49;Le Croisic;4118;56;4174
52;Pays de la Loire;44;3;19;50;Crossac;2983;26;3009
52;Pays de la Loire;44;5;8;51;Derval;3505;428;3933
52;Pays de la Loire;44;3;27;52;Donges;8152;94;8246
52;Pays de la Loire;44;3;19;53;Drefféac;2270;37;2307
52;Pays de la Loire;44;5;6;54;Erbray;3043;72;3115
52;Pays de la Loire;44;3;2;55;La Baule-Escoublac;16255;542;16797
52;Pays de la Loire;44;5;5;56;Fay-de-Bretagne;3676;62;3738
52;Pays de la Loire;44;5;19;57;Fégréac;2349;61;2410
52;Pays de la Loire;44;5;6;58;Fercé;472;11;483
52;Pays de la Loire;44;3;23;61;Frossay;3216;57;3273
52;Pays de la Loire;44;5;3;62;Le Gâvre;1821;41;1862
52;Pays de la Loire;44;2;7;63;Gétigné;3719;88;3807
52;Pays de la Loire;44;2;7;64;Gorges;4851;360;5211
52;Pays de la Loire;44;5;6;65;Grand-Auverné;769;21;790
52;Pays de la Loire;44;5;5;66;Grandchamps-des-Fontaines;6439;117;6556
52;Pays de la Loire;44;5;8;67;Guémené-Penfao;5233;82;5315
52;Pays de la Loire;44;3;19;68;Guenrouet;3374;55;3429
52;Pays de la Loire;44;3;9;69;Guérande;16112;575;16687
52;Pays de la Loire;44;2;31;70;La Haie-Fouassière;4691;111;4802
52;Pays de la Loire;44;2;29;71;Haute-Goulaine;5893;157;6050
52;Pays de la Loire;44;3;9;72;Herbignac;7046;127;7173
52;Pays de la Loire;44;5;18;73;Héric;6288;114;6402
52;Pays de la Loire;44;2;24;74;Indre;4040;45;4085
52;Pays de la Loire;44;5;6;75;Issé;1807;39;1846
52;Pays de la Loire;44;5;8;76;Jans;1391;21;1412
52;Pays de la Loire;44;5;18;77;Joué-sur-Erdre;2561;33;2594
52;Pays de la Loire;44;5;6;78;Juigné-des-Moutiers;332;3;335
52;Pays de la Loire;44;2;30;79;Le Landreau;3083;296;3379
52;Pays de la Loire;44;3;3;80;Lavau-sur-Loire;772;26;798
52;Pays de la Loire;44;2;28;81;Legé;4565;112;4677
52;Pays de la Loire;44;5;18;82;Ligné;5302;106;5408
52;Pays de la Loire;44;2;28;83;La Limouzinière;2467;30;2497
52;Pays de la Loire;44;2;30;84;Le Loroux-Bottereau;8397;135;8532
52;Pays de la Loire;44;5;6;85;Louisfert;986;40;1026
52;Pays de la Loire;44;5;8;86;Lusanger;1055;21;1076
52;Pays de la Loire;44;2;10;87;Machecoul-Saint-Même;7581;236;7817
52;Pays de la Loire;44;2;7;88;Maisdon-sur-Sèvre;3007;43;3050
52;Pays de la Loire;44;3;3;89;Malville;3531;55;3586
52;Pays de la Loire;44;2;10;90;La Marne;1621;17;1638
52;Pays de la Loire;44;5;8;91;Marsac-sur-Don;1519;15;1534
52;Pays de la Loire;44;5;8;92;Massérac;692;13;705
52;Pays de la Loire;44;2;4;94;Mauves-sur-Loire;3244;65;3309
52;Pays de la Loire;44;5;6;95;La Meilleraye-de-Bretagne;1547;24;1571
52;Pays de la Loire;44;5;1;96;Mésanger;4749;80;4829
52;Pays de la Loire;44;3;9;97;Mesquer;2039;45;2084
52;Pays de la Loire;44;3;19;98;Missillac;5398;68;5466
52;Pays de la Loire;44;5;6;99;Moisdon-la-Rivière;1968;60;2028
52;Pays de la Loire;44;2;7;100;Monnières;2290;60;2350
52;Pays de la Loire;44;2;23;101;La Montagne;6290;140;6430
52;Pays de la Loire;44;2;28;102;Montbert;3191;55;3246
52;Pays de la Loire;44;3;27;103;Montoir-de-Bretagne;7180;79;7259
52;Pays de la Loire;44;5;1;104;Montrelais;840;11;851
52;Pays de la Loire;44;5;8;105;Mouais;372;7;379
52;Pays de la Loire;44;3;20;106;Les Moutiers-en-Retz;1765;21;1786
52;Pays de la Loire;44;5;18;107;Mouzeil;1911;25;1936
52;Pays de la Loire;44;2;30;108;Mouzillon;2865;54;2919
52;Pays de la Loire;44;2;96;109;Nantes;318808;5167;323975
52;Pays de la Loire;44;5;18;110;Nort-sur-Erdre;9082;194;9276
52;Pays de la Loire;44;5;18;111;Notre-Dame-des-Landes;2260;25;2285
52;Pays de la Loire;44;5;6;112;Noyal-sur-Brutz;591;11;602
52;Pays de la Loire;44;5;8;113;Nozay;4195;89;4284
52;Pays de la Loire;44;2;25;114;Orvault;27209;699;27908
52;Pays de la Loire;44;5;1;115;Oudon;3872;66;3938
52;Pays de la Loire;44;3;23;116;Paimbœuf;3023;111;3134
52;Pays de la Loire;44;2;30;117;Le Pallet;3257;51;3308
52;Pays de la Loire;44;5;1;118;Pannecé;1409;24;1433
52;Pays de la Loire;44;2;10;119;Paulx;1985;27;2012
52;Pays de la Loire;44;2;23;120;Le Pellerin;5200;208;5408
52;Pays de la Loire;44;5;6;121;Petit-Auverné;426;4;430
52;Pays de la Loire;44;5;18;122;Petit-Mars;3755;53;3808
52;Pays de la Loire;44;5;8;123;Pierric;990;17;1007
52;Pays de la Loire;44;5;1;124;Le Pin;750;15;765
52;Pays de la Loire;44;3;9;125;Piriac-sur-Mer;2220;50;2270
52;Pays de la Loire;44;3;20;126;La Plaine-sur-Mer;4379;86;4465
52;Pays de la Loire;44;2;7;127;La Planche;2739;32;2771
52;Pays de la Loire;44;5;19;128;Plessé;5266;105;5371
52;Pays de la Loire;44;3;19;129;Pontchâteau;10901;260;11161
52;Pays de la Loire;44;2;28;130;Pont-Saint-Martin;6470;87;6557
52;Pays de la Loire;44;3;20;131;Pornic;15859;438;16297
52;Pays de la Loire;44;3;2;132;Pornichet;11141;299;11440
52;Pays de la Loire;44;2;10;133;Port-Saint-Père;2928;44;2972
52;Pays de la Loire;44;5;1;134;Pouillé-les-Côteaux;1071;22;1093
52;Pays de la Loire;44;3;2;135;Le Pouliguen;4015;93;4108
52;Pays de la Loire;44;3;20;136;Préfailles;1237;27;1264
52;Pays de la Loire;44;3;3;137;Prinquiau;3474;67;3541
52;Pays de la Loire;44;5;8;138;Puceul;1159;17;1176
52;Pays de la Loire;44;3;3;139;Quilly;1386;10;1396
52;Pays de la Loire;44;2;30;140;La Regrippière;1525;25;1550
52;Pays de la Loire;44;2;30;141;La Remaudière;1290;13;1303
52;Pays de la Loire;44;2;7;142;Remouillé;1958;34;1992
52;Pays de la Loire;44;2;97;143;Rezé;42919;791;43710
52;Pays de la Loire;44;5;18;144;Riaillé;2358;58;2416
52;Pays de la Loire;44;2;10;145;Rouans;3069;38;3107
52;Pays de la Loire;44;5;6;146;Rougé;2185;42;2227
52;Pays de la Loire;44;5;6;148;Ruffigné;701;8;709
52;Pays de la Loire;44;5;8;149;Saffré;3952;49;4001
52;Pays de la Loire;44;2;21;150;Saint-Aignan-Grandlieu;3954;60;4014
52;Pays de la Loire;44;3;2;151;Saint-André-des-Eaux;6744;179;6923
52;Pays de la Loire;44;3;19;152;Sainte-Anne-sur-Brivet;2933;53;2986
52;Pays de la Loire;44;5;6;153;Saint-Aubin-des-Châteaux;1763;52;1815
52;Pays de la Loire;44;3;23;154;Saint-Brevin-les-Pins;14287;318;14605
52;Pays de la Loire;44;2;28;155;Saint-Colomban;3417;75;3492
52;Pays de la Loire;44;2;28;156;Corcoué-sur-Logne;3022;39;3061
52;Pays de la Loire;44;2;10;157;Saint-Étienne-de-Mer-Morte;1727;22;1749
52;Pays de la Loire;44;2;3;158;Saint-Étienne-de-Montluc;7515;193;7708
52;Pays de la Loire;44;2;31;159;Saint-Fiacre-sur-Maine;1236;23;1259
52;Pays de la Loire;44;3;19;161;Saint-Gildas-des-Bois;3769;69;3838
52;Pays de la Loire;44;2;98;162;Saint-Herblain;47415;720;48135
52;Pays de la Loire;44;5;1;163;Vair-sur-Loire;4764;106;4870
52;Pays de la Loire;44;3;10;164;Saint-Hilaire-de-Chaléons;2322;45;2367
52;Pays de la Loire;44;2;7;165;Saint-Hilaire-de-Clisson;2320;47;2367
52;Pays de la Loire;44;2;23;166;Saint-Jean-de-Boiseau;5987;114;6101
52;Pays de la Loire;44;3;9;168;Saint-Joachim;4087;63;4150
52;Pays de la Loire;44;2;30;169;Saint-Julien-de-Concelles;7392;106;7498
52;Pays de la Loire;44;5;6;170;Saint-Julien-de-Vouvantes;967;22;989
52;Pays de la Loire;44;2;21;171;Saint-Léger-les-Vignes;1939;33;1972
52;Pays de la Loire;44;2;4;172;Sainte-Luce-sur-Loire;15319;269;15588
52;Pays de la Loire;44;2;7;173;Saint-Lumine-de-Clisson;2126;47;2173
52;Pays de la Loire;44;2;28;174;Saint-Lumine-de-Coutais;2229;39;2268
52;Pays de la Loire;44;3;9;175;Saint-Lyphard;4817;94;4911
52;Pays de la Loire;44;3;27;176;Saint-Malo-de-Guersac;3193;54;3247
52;Pays de la Loire;44;2;10;178;Saint-Mars-de-Coutais;2571;42;2613
52;Pays de la Loire;44;5;18;179;Saint-Mars-du-Désert;5118;85;5203
52;Pays de la Loire;44;5;1;180;Vallons-de-l'Erdre;6480;125;6605
52;Pays de la Loire;44;3;20;182;Saint-Michel-Chef-Chef;5233;89;5322
52;Pays de la Loire;44;3;9;183;Saint-Molf;2716;59;2775
52;Pays de la Loire;44;3;99;184;Saint-Nazaire;71394;1745;73139
52;Pays de la Loire;44;5;19;185;Saint-Nicolas-de-Redon;3245;66;3311
52;Pays de la Loire;44;2;10;186;Sainte-Pazanne;6980;132;7112
52;Pays de la Loire;44;3;23;187;Saint-Père-en-Retz;4576;147;4723
52;Pays de la Loire;44;2;28;188;Saint-Philbert-de-Grand-Lieu;9076;194;9270
52;Pays de la Loire;44;3;19;189;Sainte-Reine-de-Bretagne;2397;34;2431
52;Pays de la Loire;44;2;29;190;Saint-Sébastien-sur-Loire;27493;676;28169
52;Pays de la Loire;44;3;23;192;Saint-Viaud;2631;44;2675
52;Pays de la Loire;44;5;8;193;Saint-Vincent-des-Landes;1533;26;1559
52;Pays de la Loire;44;2;24;194;Sautron;8478;166;8644
52;Pays de la Loire;44;3;3;195;Savenay;9064;186;9250
52;Pays de la Loire;44;3;19;196;Sévérac;1631;25;1656
52;Pays de la Loire;44;5;8;197;Sion-les-Mines;1630;34;1664
52;Pays de la Loire;44;2;31;198;Les Sorinières;8765;132;8897
52;Pays de la Loire;44;5;6;199;Soudan;2003;56;2059
52;Pays de la Loire;44;5;6;200;Soulvache;343;7;350
52;Pays de la Loire;44;5;5;201;Sucé-sur-Erdre;7221;202;7423
52;Pays de la Loire;44;5;18;202;Teillé;1804;25;1829
52;Pays de la Loire;44;2;3;203;Le Temple-de-Bretagne;2028;17;2045
52;Pays de la Loire;44;2;4;204;Thouaré-sur-Loire;10482;179;10661
52;Pays de la Loire;44;5;18;205;Les Touches;2494;29;2523
52;Pays de la Loire;44;2;28;206;Touvois;1867;25;1892
52;Pays de la Loire;44;5;18;207;Trans-sur-Erdre;1094;10;1104
52;Pays de la Loire;44;5;8;208;Treffieux;930;11;941
52;Pays de la Loire;44;5;5;209;Treillières;9617;246;9863
52;Pays de la Loire;44;3;27;210;Trignac;7983;81;8064
52;Pays de la Loire;44;3;9;211;La Turballe;4734;95;4829
52;Pays de la Loire;44;2;30;212;Vallet;9460;179;9639
52;Pays de la Loire;44;5;1;213;Loireauxence;7480;127;7607
52;Pays de la Loire;44;5;8;214;Vay;2051;29;2080
52;Pays de la Loire;44;2;31;215;Vertou;25541;599;26140
52;Pays de la Loire;44;2;7;216;Vieillevigne;4010;75;4085
52;Pays de la Loire;44;5;5;217;Vigneux-de-Bretagne;6175;130;6305
52;Pays de la Loire;44;5;6;218;Villepot;682;14;696
52;Pays de la Loire;44;2;10;220;Vue;1615;25;1640
52;Pays de la Loire;44;5;8;221;La Chevallerais;1536;19;1555
52;Pays de la Loire;44;5;1;222;La Roche-Blanche;1225;21;1246
52;Pays de la Loire;44;2;28;223;Geneston;3677;48;3725
52;Pays de la Loire;44;5;8;224;La Grigonnais;1711;21;1732
